basename,src_dir
IMG_2478.JPG,/Volumes/Seagate Portable Drive/KYLE_AI_DATABASE/A_CAMERA/Focal_species/Gulo gulo/BDF10-M6/CC/2016/B&W/Robust marks/04.06-22.11
IMG_2477.JPG,/Volumes/Seagate Portable Drive/KYLE_AI_DATABASE/A_CAMERA/Focal_species/Gulo gulo/BDF10-M6/CC/2016/B&W/Robust marks/04.06-22.11
IMG_2481.JPG,/Volumes/Seagate Portable Drive/KYLE_AI_DATABASE/A_CAMERA/Focal_species/Gulo gulo/BDF10-M6/CC/2016/B&W/Robust marks/04.06-22.11
IMG_1380.JPG,/Volumes/Seagate Portable Drive/KYLE_AI_DATABASE/A_CAMERA/Focal_species/Gulo gulo/BDF10-M6/HC/2016/B&W/Robust marks/03.08-18.18
IMG_1382.JPG,/Volumes/Seagate Portable Drive/KYLE_AI_DATABASE/A_CAMERA/Focal_species/Gulo gulo/BDF10-M6/HC/2016/B&W/Robust marks/03.08-18.18
IMG_1861.JPG,/Volumes/Seagate Portable Drive/KYLE_AI_DATABASE/A_CAMERA/Focal_species/Gulo gulo/BDF10-M6/HC/2016/B&W/Robust marks/03.08-18.48
IMG_1290.JPG,/Volumes/Seagate Portable Drive/KYLE_AI_DATABASE/A_CAMERA/Focal_species/Gulo gulo/BDF10-M6/HC/2016/B&W/Robust marks/03.08-18.11
IMG_1288.JPG,/Volumes/Seagate Portable Drive/KYLE_AI_DATABASE/A_CAMERA/Focal_species/Gulo gulo/BDF10-M6/HC/2016/B&W/Robust marks/03.08-18.11
IMG_1268.JPG,/Volumes/Seagate Portable Drive/KYLE_AI_DATABASE/A_CAMERA/Focal_species/Gulo gulo/BDF10-M6/HC/2016/B&W/Robust marks/03.08-18.11
IMG_1026.JPG,/Volumes/Seagate Portable Drive/KYLE_AI_DATABASE/A_CAMERA/Focal_species/Gulo gulo/BDF10-M6/DM/2016/B&W/Robust marks/02.09-21.11
IMG_1701.JPG,/Volumes/Seagate Portable Drive/KYLE_AI_DATABASE/A_CAMERA/Focal_species/Gulo gulo/BDF10-M6/HC/2016/B&W/Robust marks/03.08-18.22
IMG_1711.JPG,/Volumes/Seagate Portable Drive/KYLE_AI_DATABASE/A_CAMERA/Focal_species/Gulo gulo/BDF10-M6/HC/2016/B&W/Robust marks/03.08-18.22
IMG_1676.JPG,/Volumes/Seagate Portable Drive/KYLE_AI_DATABASE/A_CAMERA/Focal_species/Gulo gulo/BDF10-M6/HC/2016/B&W/Robust marks/03.08-18.22
IMG_0069.JPG,/Volumes/Seagate Portable Drive/KYLE_AI_DATABASE/A_CAMERA/Focal_species/Gulo gulo/BDF10-M6/HC/2016/B&W/Robust marks/02.05-19.10
IMG_0070.JPG,/Volumes/Seagate Portable Drive/KYLE_AI_DATABASE/A_CAMERA/Focal_species/Gulo gulo/BDF10-M6/HC/2016/B&W/Robust marks/02.05-19.10
IMG_0112.JPG,/Volumes/Seagate Portable Drive/KYLE_AI_DATABASE/A_CAMERA/Focal_species/Gulo gulo/BDF10-M6/HC/2016/B&W/Robust marks/02.05-19.10
IMG_0115.JPG,/Volumes/Seagate Portable Drive/KYLE_AI_DATABASE/A_CAMERA/Focal_species/Gulo gulo/BDF10-M6/HC/2016/B&W/Robust marks/02.05-19.10
IMG_2424.JPG,/Volumes/Seagate Portable Drive/KYLE_AI_DATABASE/A_CAMERA/Focal_species/Gulo gulo/BDF10-M6/HC/2016/B&W/Robust marks/03.09-06.17
IMG_2441.JPG,/Volumes/Seagate Portable Drive/KYLE_AI_DATABASE/A_CAMERA/Focal_species/Gulo gulo/BDF10-M6/HC/2016/B&W/Robust marks/03.09-06.17
IMG_2505.JPG,/Volumes/Seagate Portable Drive/KYLE_AI_DATABASE/A_CAMERA/Focal_species/Gulo gulo/BDF10-M6/HC/2016/B&W/Robust marks/03.09-06.17
IMG_2363.JPG,/Volumes/Seagate Portable Drive/KYLE_AI_DATABASE/A_CAMERA/Focal_species/Gulo gulo/BDF10-M6/HC/2016/B&W/Robust marks/03.09-06.17
IMG_0816.JPG,/Volumes/Seagate Portable Drive/KYLE_AI_DATABASE/A_CAMERA/Focal_species/Gulo gulo/BDF10-M6/CC/2016/B&W/Robust marks/02.21-08.09
IMG_0813.JPG,/Volumes/Seagate Portable Drive/KYLE_AI_DATABASE/A_CAMERA/Focal_species/Gulo gulo/BDF10-M6/CC/2016/B&W/Robust marks/02.21-08.09
IMG_0811.JPG,/Volumes/Seagate Portable Drive/KYLE_AI_DATABASE/A_CAMERA/Focal_species/Gulo gulo/BDF10-M6/CC/2016/B&W/Robust marks/02.21-08.09
IMG_1387.JPG,/Volumes/Seagate Portable Drive/KYLE_AI_DATABASE/A_CAMERA/Focal_species/Gulo gulo/BDF10-M6/CC/2016/B&W/Robust marks/02.09-09.11
IMG_0172.JPG,/Volumes/Seagate Portable Drive/KYLE_AI_DATABASE/A_CAMERA/Focal_species/Gulo gulo/BDF10-M6/JC/2016/COLOR/Robust marks/04.06-08.09
IMG_0183.JPG,/Volumes/Seagate Portable Drive/KYLE_AI_DATABASE/A_CAMERA/Focal_species/Gulo gulo/BDF10-M6/JC/2016/COLOR/Robust marks/04.06-08.09
IMG_0182.JPG,/Volumes/Seagate Portable Drive/KYLE_AI_DATABASE/A_CAMERA/Focal_species/Gulo gulo/BDF10-M6/JC/2016/COLOR/Robust marks/04.06-08.09
IMG_1096.JPG,/Volumes/Seagate Portable Drive/KYLE_AI_DATABASE/A_CAMERA/Focal_species/Gulo gulo/BDF10-M6/HC/2016/COLOR/Robust marks/03.08-11.50
IMG_1018.JPG,/Volumes/Seagate Portable Drive/KYLE_AI_DATABASE/A_CAMERA/Focal_species/Gulo gulo/BDF10-M6/HC/2016/COLOR/Robust marks/03.08-11.50
IMG_4524.JPG,/Volumes/Seagate Portable Drive/KYLE_AI_DATABASE/A_CAMERA/Focal_species/Gulo gulo/BDF10-M6/DM/2016/COLOR/Robust marks/04.22-11.02
IMG_4525.JPG,/Volumes/Seagate Portable Drive/KYLE_AI_DATABASE/A_CAMERA/Focal_species/Gulo gulo/BDF10-M6/DM/2016/COLOR/Robust marks/04.22-11.02
IMG_4527.JPG,/Volumes/Seagate Portable Drive/KYLE_AI_DATABASE/A_CAMERA/Focal_species/Gulo gulo/BDF10-M6/DM/2016/COLOR/Robust marks/04.22-11.02
IMG_0596.JPG,/Volumes/Seagate Portable Drive/KYLE_AI_DATABASE/A_CAMERA/Focal_species/Gulo gulo/BDF10-M6/DM/2016/COLOR/Robust marks/02.09-14.45
IMG_0594.JPG,/Volumes/Seagate Portable Drive/KYLE_AI_DATABASE/A_CAMERA/Focal_species/Gulo gulo/BDF10-M6/DM/2016/COLOR/Robust marks/02.09-14.45
IMG_2314.JPG,/Volumes/Seagate Portable Drive/KYLE_AI_DATABASE/A_CAMERA/Focal_species/Gulo gulo/BDF10-M6/JC/2016/COLOR/Robust marks/03.12-08.36
IMG_2311.JPG,/Volumes/Seagate Portable Drive/KYLE_AI_DATABASE/A_CAMERA/Focal_species/Gulo gulo/BDF10-M6/JC/2016/COLOR/Robust marks/03.12-08.36
IMG_0539.JPG,/Volumes/Seagate Portable Drive/KYLE_AI_DATABASE/A_CAMERA/Focal_species/Gulo gulo/BDF10-M6/HC/2016/COLOR/Robust marks/03.08-11.14
IMG_0505.JPG,/Volumes/Seagate Portable Drive/KYLE_AI_DATABASE/A_CAMERA/Focal_species/Gulo gulo/BDF10-M6/HC/2016/COLOR/Robust marks/03.08-11.14
IMG_0802.JPG,/Volumes/Seagate Portable Drive/KYLE_AI_DATABASE/A_CAMERA/Focal_species/Gulo gulo/BDF10-M6/DM/2016/COLOR/Robust marks/02.09-15.09
IMG_0835.JPG,/Volumes/Seagate Portable Drive/KYLE_AI_DATABASE/A_CAMERA/Focal_species/Gulo gulo/BDF10-M6/DM/2016/COLOR/Robust marks/02.09-15.09
IMG_0813.JPG,/Volumes/Seagate Portable Drive/KYLE_AI_DATABASE/A_CAMERA/Focal_species/Gulo gulo/BDF10-M6/DM/2016/COLOR/Robust marks/02.09-15.09
IMG_0871.JPG,/Volumes/Seagate Portable Drive/KYLE_AI_DATABASE/A_CAMERA/Focal_species/Gulo gulo/BDF10-M6/CC/2016/COLOR/Robust marks/03.12-16.47
IMG_0878.JPG,/Volumes/Seagate Portable Drive/KYLE_AI_DATABASE/A_CAMERA/Focal_species/Gulo gulo/BDF10-M6/CC/2016/COLOR/Robust marks/03.12-16.47
IMG_0798.JPG,/Volumes/Seagate Portable Drive/KYLE_AI_DATABASE/A_CAMERA/Focal_species/Gulo gulo/BDF10-M6/HC/2016/COLOR/Robust marks/03.08-11.40
IMG_0700.JPG,/Volumes/Seagate Portable Drive/KYLE_AI_DATABASE/A_CAMERA/Focal_species/Gulo gulo/BDF10-M6/HC/2016/COLOR/Robust marks/03.08-11.40
IMG_4596.JPG,/Volumes/Seagate Portable Drive/KYLE_AI_DATABASE/A_CAMERA/Focal_species/Gulo gulo/BDF10-M6/HC/2016/COLOR/Robust marks/03.27-08.01
IMG_4597.JPG,/Volumes/Seagate Portable Drive/KYLE_AI_DATABASE/A_CAMERA/Focal_species/Gulo gulo/BDF10-M6/HC/2016/COLOR/Robust marks/03.27-08.01
RCNX0013.JPG,/Volumes/Seagate Portable Drive/KYLE_AI_DATABASE/A_CAMERA/Focal_species/Gulo gulo/BDF10-M6/DM/2020/B&W/Robust marks/05.02-19.49
RCNX0234.JPG,/Volumes/Seagate Portable Drive/KYLE_AI_DATABASE/A_CAMERA/Focal_species/Gulo gulo/BDF10-M6/HC/2020/B&W/Robust marks/04.09-00.13
RCNX0609.JPG,/Volumes/Seagate Portable Drive/KYLE_AI_DATABASE/A_CAMERA/Focal_species/Gulo gulo/BDF10-M6/SC/2020/B&W/Robust marks/04.11-04.45
RCNX0605.JPG,/Volumes/Seagate Portable Drive/KYLE_AI_DATABASE/A_CAMERA/Focal_species/Gulo gulo/BDF10-M6/SC/2020/B&W/Robust marks/04.11-04.45
RCNX0600.JPG,/Volumes/Seagate Portable Drive/KYLE_AI_DATABASE/A_CAMERA/Focal_species/Gulo gulo/BDF10-M6/SC/2020/B&W/Robust marks/04.11-04.45
RCNX0643.JPG,/Volumes/Seagate Portable Drive/KYLE_AI_DATABASE/A_CAMERA/Focal_species/Gulo gulo/BDF10-M6/SC/2020/B&W/Robust marks/05.03-21.17
RCNX0644.JPG,/Volumes/Seagate Portable Drive/KYLE_AI_DATABASE/A_CAMERA/Focal_species/Gulo gulo/BDF10-M6/SC/2020/B&W/Robust marks/05.03-21.17
RCNX1166.JPG,/Volumes/Seagate Portable Drive/KYLE_AI_DATABASE/A_CAMERA/Focal_species/Gulo gulo/BDF10-M6/SC/2020/B&W/Robust marks/05.03-21.36
RCNX1292.JPG,/Volumes/Seagate Portable Drive/KYLE_AI_DATABASE/A_CAMERA/Focal_species/Gulo gulo/BDF10-M6/SC/2020/B&W/Robust marks/05.03-21.51
RCNX1478.JPG,/Volumes/Seagate Portable Drive/KYLE_AI_DATABASE/A_CAMERA/Focal_species/Gulo gulo/BDF10-M6/SC/2020/B&W/Robust marks/05.03-21.58
RCNX1425.JPG,/Volumes/Seagate Portable Drive/KYLE_AI_DATABASE/A_CAMERA/Focal_species/Gulo gulo/BDF10-M6/SC/2020/B&W/Robust marks/05.03-21.58
RCNX0174.JPG,/Volumes/Seagate Portable Drive/KYLE_AI_DATABASE/A_CAMERA/Focal_species/Gulo gulo/BDF10-M6/HC/2020/COLOR/Robust marks/04.08-18.46
RCNX0175.JPG,/Volumes/Seagate Portable Drive/KYLE_AI_DATABASE/A_CAMERA/Focal_species/Gulo gulo/BDF10-M6/HC/2020/COLOR/Robust marks/04.08-18.46
RCNX0773.JPG,/Volumes/Seagate Portable Drive/KYLE_AI_DATABASE/A_CAMERA/Focal_species/Gulo gulo/BDF10-M6/HC/2020/COLOR/Robust marks/04.15-13.37
RCNX0738.JPG,/Volumes/Seagate Portable Drive/KYLE_AI_DATABASE/A_CAMERA/Focal_species/Gulo gulo/BDF10-M6/HC/2020/COLOR/Robust marks/04.15-13.37
RCNX0604.JPG,/Volumes/Seagate Portable Drive/KYLE_AI_DATABASE/A_CAMERA/Focal_species/Gulo gulo/BDF10-M6/HC/2020/COLOR/Robust marks/04.15-13.37
RCNX0058.JPG,/Volumes/Seagate Portable Drive/KYLE_AI_DATABASE/A_CAMERA/Focal_species/Gulo gulo/BDF10-M6/DM/2020/COLOR/Robust marks/03.25-22.02
RCNX0089.JPG,/Volumes/Seagate Portable Drive/KYLE_AI_DATABASE/A_CAMERA/Focal_species/Gulo gulo/BDF10-M6/DM/2020/COLOR/Robust marks/03.25-22.02
RCNX0053.JPG,/Volumes/Seagate Portable Drive/KYLE_AI_DATABASE/A_CAMERA/Focal_species/Gulo gulo/BDF10-M6/DM/2020/COLOR/Robust marks/03.25-22.02
RCNX0056.JPG,/Volumes/Seagate Portable Drive/KYLE_AI_DATABASE/A_CAMERA/Focal_species/Gulo gulo/BDF10-M6/DM/2020/COLOR/Robust marks/03.25-22.02
RCNX0055.JPG,/Volumes/Seagate Portable Drive/KYLE_AI_DATABASE/A_CAMERA/Focal_species/Gulo gulo/BDF10-M6/DM/2020/COLOR/Robust marks/03.25-22.02
RCNX0140.JPG,/Volumes/Seagate Portable Drive/KYLE_AI_DATABASE/A_CAMERA/Focal_species/Gulo gulo/BDF10-M6/HC/2020/COLOR/Robust marks/04.15-13.20
RCNX0139.JPG,/Volumes/Seagate Portable Drive/KYLE_AI_DATABASE/A_CAMERA/Focal_species/Gulo gulo/BDF10-M6/HC/2020/COLOR/Robust marks/04.15-13.20
RCNX1924.JPG,/Volumes/Seagate Portable Drive/KYLE_AI_DATABASE/A_CAMERA/Focal_species/Gulo gulo/BDF10-M6/DM/2021/B&W/Robust marks/01.24-21.51
RCNX1923.JPG,/Volumes/Seagate Portable Drive/KYLE_AI_DATABASE/A_CAMERA/Focal_species/Gulo gulo/BDF10-M6/DM/2021/B&W/Robust marks/01.24-21.51
RCNX1921.JPG,/Volumes/Seagate Portable Drive/KYLE_AI_DATABASE/A_CAMERA/Focal_species/Gulo gulo/BDF10-M6/DM/2021/B&W/Robust marks/01.24-21.51
RCNX0028.JPG,/Volumes/Seagate Portable Drive/KYLE_AI_DATABASE/A_CAMERA/Focal_species/Gulo gulo/BDF10-M6/CC/2021/B&W/Robust marks/01.16-17.51
RCNX0025.JPG,/Volumes/Seagate Portable Drive/KYLE_AI_DATABASE/A_CAMERA/Focal_species/Gulo gulo/BDF10-M6/CC/2021/B&W/Robust marks/01.16-17.51
RCNX0021.JPG,/Volumes/Seagate Portable Drive/KYLE_AI_DATABASE/A_CAMERA/Focal_species/Gulo gulo/BDF10-M6/CC/2021/B&W/Robust marks/01.16-17.51
RCNX0027.JPG,/Volumes/Seagate Portable Drive/KYLE_AI_DATABASE/A_CAMERA/Focal_species/Gulo gulo/BDF10-M6/CC/2021/B&W/Robust marks/01.16-17.51
RCNX1443.JPG,/Volumes/Seagate Portable Drive/KYLE_AI_DATABASE/A_CAMERA/Focal_species/Gulo gulo/BDF10-M6/CC/2021/B&W/Robust marks/01.13-03.11
RCNX1379.JPG,/Volumes/Seagate Portable Drive/KYLE_AI_DATABASE/A_CAMERA/Focal_species/Gulo gulo/BDF10-M6/CC/2021/B&W/Robust marks/01.13-03.11
RCNX0891.JPG,/Volumes/Seagate Portable Drive/KYLE_AI_DATABASE/A_CAMERA/Focal_species/Gulo gulo/BDF10-M6/CC/2021/B&W/Robust marks/01.12-20.50
RCNX0902.JPG,/Volumes/Seagate Portable Drive/KYLE_AI_DATABASE/A_CAMERA/Focal_species/Gulo gulo/BDF10-M6/CC/2021/B&W/Robust marks/01.12-20.50
RCNX0901.JPG,/Volumes/Seagate Portable Drive/KYLE_AI_DATABASE/A_CAMERA/Focal_species/Gulo gulo/BDF10-M6/CC/2021/B&W/Robust marks/01.12-20.50
RCNX0893.JPG,/Volumes/Seagate Portable Drive/KYLE_AI_DATABASE/A_CAMERA/Focal_species/Gulo gulo/BDF10-M6/CC/2021/B&W/Robust marks/01.12-20.50
RCNX1588.JPG,/Volumes/Seagate Portable Drive/KYLE_AI_DATABASE/A_CAMERA/Focal_species/Gulo gulo/BDF10-M6/CC/2021/B&W/Robust marks/01.13-03.27
RCNX1604.JPG,/Volumes/Seagate Portable Drive/KYLE_AI_DATABASE/A_CAMERA/Focal_species/Gulo gulo/BDF10-M6/CC/2021/B&W/Robust marks/01.13-03.27
RCNX1595.JPG,/Volumes/Seagate Portable Drive/KYLE_AI_DATABASE/A_CAMERA/Focal_species/Gulo gulo/BDF10-M6/CC/2021/B&W/Robust marks/01.13-03.27
RCNX1600.JPG,/Volumes/Seagate Portable Drive/KYLE_AI_DATABASE/A_CAMERA/Focal_species/Gulo gulo/BDF10-M6/CC/2021/B&W/Robust marks/01.13-03.27
RCNX1582.JPG,/Volumes/Seagate Portable Drive/KYLE_AI_DATABASE/A_CAMERA/Focal_species/Gulo gulo/BDF10-M6/CC/2021/B&W/Robust marks/01.13-03.27
RCNX0926.JPG,/Volumes/Seagate Portable Drive/KYLE_AI_DATABASE/A_CAMERA/Focal_species/Gulo gulo/BDF10-M6/CC/2021/B&W/Robust marks/01.12-20.52
RCNX0927.JPG,/Volumes/Seagate Portable Drive/KYLE_AI_DATABASE/A_CAMERA/Focal_species/Gulo gulo/BDF10-M6/CC/2021/B&W/Robust marks/01.12-20.52
RCNX1743.JPG,/Volumes/Seagate Portable Drive/KYLE_AI_DATABASE/A_CAMERA/Focal_species/Gulo gulo/BDF10-M6/CC/2021/B&W/Robust marks/01.12-08.19
RCNX1744.JPG,/Volumes/Seagate Portable Drive/KYLE_AI_DATABASE/A_CAMERA/Focal_species/Gulo gulo/BDF10-M6/CC/2021/B&W/Robust marks/01.12-08.19
RCNX1745.JPG,/Volumes/Seagate Portable Drive/KYLE_AI_DATABASE/A_CAMERA/Focal_species/Gulo gulo/BDF10-M6/CC/2021/B&W/Robust marks/01.12-08.19
RCNX1742.JPG,/Volumes/Seagate Portable Drive/KYLE_AI_DATABASE/A_CAMERA/Focal_species/Gulo gulo/BDF10-M6/CC/2021/B&W/Robust marks/01.12-08.19
RCNX1707.JPG,/Volumes/Seagate Portable Drive/KYLE_AI_DATABASE/A_CAMERA/Focal_species/Gulo gulo/BDF10-M6/CC/2021/B&W/Robust marks/01.13-08.12
RCNX1709.JPG,/Volumes/Seagate Portable Drive/KYLE_AI_DATABASE/A_CAMERA/Focal_species/Gulo gulo/BDF10-M6/CC/2021/B&W/Robust marks/01.13-08.12
RCNX0060.JPG,/Volumes/Seagate Portable Drive/KYLE_AI_DATABASE/A_CAMERA/Focal_species/Gulo gulo/BDF10-M6/CC/2021/B&W/Robust marks/01.16-18.22
RCNX0059.JPG,/Volumes/Seagate Portable Drive/KYLE_AI_DATABASE/A_CAMERA/Focal_species/Gulo gulo/BDF10-M6/CC/2021/B&W/Robust marks/01.16-18.22
RCNX0183.JPG,/Volumes/Seagate Portable Drive/KYLE_AI_DATABASE/A_CAMERA/Focal_species/Gulo gulo/BDF10-M6/CC/2021/B&W/Robust marks/01.29-19.18
RCNX0186.JPG,/Volumes/Seagate Portable Drive/KYLE_AI_DATABASE/A_CAMERA/Focal_species/Gulo gulo/BDF10-M6/CC/2021/B&W/Robust marks/01.29-19.18
RCNX0191.JPG,/Volumes/Seagate Portable Drive/KYLE_AI_DATABASE/A_CAMERA/Focal_species/Gulo gulo/BDF10-M6/CC/2021/B&W/Robust marks/01.29-19.18
RCNX0758.JPG,/Volumes/Seagate Portable Drive/KYLE_AI_DATABASE/A_CAMERA/Focal_species/Gulo gulo/BDF10-M6/CC/2021/COLOR/Robust marks/01.12-16.09
RCNX0755.JPG,/Volumes/Seagate Portable Drive/KYLE_AI_DATABASE/A_CAMERA/Focal_species/Gulo gulo/BDF10-M6/CC/2021/COLOR/Robust marks/01.12-16.09
RCNX0759.JPG,/Volumes/Seagate Portable Drive/KYLE_AI_DATABASE/A_CAMERA/Focal_species/Gulo gulo/BDF10-M6/CC/2021/COLOR/Robust marks/01.12-16.09
RCNX0754.JPG,/Volumes/Seagate Portable Drive/KYLE_AI_DATABASE/A_CAMERA/Focal_species/Gulo gulo/BDF10-M6/CC/2021/COLOR/Robust marks/01.12-16.09
RCNX1298.JPG,/Volumes/Seagate Portable Drive/KYLE_AI_DATABASE/A_CAMERA/Focal_species/Gulo gulo/BDF10-M6/HC/2021/COLOR/Robust marks/05.07-07.13
RCNX1474.JPG,/Volumes/Seagate Portable Drive/KYLE_AI_DATABASE/A_CAMERA/Focal_species/Gulo gulo/BDF10-M6/HC/2021/COLOR/Robust marks/05.07-07.13
RCNX1511.JPG,/Volumes/Seagate Portable Drive/KYLE_AI_DATABASE/A_CAMERA/Focal_species/Gulo gulo/BDF10-M6/JC/2021/COLOR/Robust marks/01.31-11.55
RCNX1824.JPG,/Volumes/Seagate Portable Drive/KYLE_AI_DATABASE/A_CAMERA/Focal_species/Gulo gulo/BDF10-M6/HC/2021/COLOR/Robust marks/05.07-12.08
RCNX1829.JPG,/Volumes/Seagate Portable Drive/KYLE_AI_DATABASE/A_CAMERA/Focal_species/Gulo gulo/BDF10-M6/HC/2021/COLOR/Robust marks/05.07-12.08
RCNX1785.JPG,/Volumes/Seagate Portable Drive/KYLE_AI_DATABASE/A_CAMERA/Focal_species/Gulo gulo/BDF10-M6/HC/2021/COLOR/Robust marks/05.07-12.08
RCNX2602.JPG,/Volumes/Seagate Portable Drive/KYLE_AI_DATABASE/A_CAMERA/Focal_species/Gulo gulo/BDF10-M6/CC/2021/COLOR/Robust marks/01.14-10.55
RCNX2588.JPG,/Volumes/Seagate Portable Drive/KYLE_AI_DATABASE/A_CAMERA/Focal_species/Gulo gulo/BDF10-M6/CC/2021/COLOR/Robust marks/01.14-10.55
RCNX2587.JPG,/Volumes/Seagate Portable Drive/KYLE_AI_DATABASE/A_CAMERA/Focal_species/Gulo gulo/BDF10-M6/CC/2021/COLOR/Robust marks/01.14-10.55
RCNX2591.JPG,/Volumes/Seagate Portable Drive/KYLE_AI_DATABASE/A_CAMERA/Focal_species/Gulo gulo/BDF10-M6/CC/2021/COLOR/Robust marks/01.14-10.55
RCNX1690.JPG,/Volumes/Seagate Portable Drive/KYLE_AI_DATABASE/A_CAMERA/Focal_species/Gulo gulo/BDF10-M6/HC/2021/COLOR/Robust marks/05.07-12.00
RCNX1694.JPG,/Volumes/Seagate Portable Drive/KYLE_AI_DATABASE/A_CAMERA/Focal_species/Gulo gulo/BDF10-M6/HC/2021/COLOR/Robust marks/05.07-12.00
RCNX1722.JPG,/Volumes/Seagate Portable Drive/KYLE_AI_DATABASE/A_CAMERA/Focal_species/Gulo gulo/BDF10-M6/HC/2021/COLOR/Robust marks/05.07-12.00
RCNX2578.JPG,/Volumes/Seagate Portable Drive/KYLE_AI_DATABASE/A_CAMERA/Focal_species/Gulo gulo/BDF10-M6/DM/2021/COLOR/Robust marks/04.02-18.19
RCNX2575.JPG,/Volumes/Seagate Portable Drive/KYLE_AI_DATABASE/A_CAMERA/Focal_species/Gulo gulo/BDF10-M6/DM/2021/COLOR/Robust marks/04.02-18.19
RCNX2579.JPG,/Volumes/Seagate Portable Drive/KYLE_AI_DATABASE/A_CAMERA/Focal_species/Gulo gulo/BDF10-M6/DM/2021/COLOR/Robust marks/04.02-18.19
RCNX2580.JPG,/Volumes/Seagate Portable Drive/KYLE_AI_DATABASE/A_CAMERA/Focal_species/Gulo gulo/BDF10-M6/DM/2021/COLOR/Robust marks/04.02-18.19
RCNX2576.JPG,/Volumes/Seagate Portable Drive/KYLE_AI_DATABASE/A_CAMERA/Focal_species/Gulo gulo/BDF10-M6/DM/2021/COLOR/Robust marks/04.02-18.19
RCNX0015.JPG,/Volumes/Seagate Portable Drive/KYLE_AI_DATABASE/A_CAMERA/Focal_species/Gulo gulo/BDF10-M6/OM/2021/COLOR/Robust marks/03.08-10.08
RCNX0016.JPG,/Volumes/Seagate Portable Drive/KYLE_AI_DATABASE/A_CAMERA/Focal_species/Gulo gulo/BDF10-M6/OM/2021/COLOR/Robust marks/03.08-10.08
RCNX0014.JPG,/Volumes/Seagate Portable Drive/KYLE_AI_DATABASE/A_CAMERA/Focal_species/Gulo gulo/BDF10-M6/OM/2021/COLOR/Robust marks/03.08-10.08
RCNX0684.JPG,/Volumes/Seagate Portable Drive/KYLE_AI_DATABASE/A_CAMERA/Focal_species/Gulo gulo/BDF10-M6/CC/2021/COLOR/Robust marks/01.12-16.01
RCNX0689.JPG,/Volumes/Seagate Portable Drive/KYLE_AI_DATABASE/A_CAMERA/Focal_species/Gulo gulo/BDF10-M6/CC/2021/COLOR/Robust marks/01.12-16.01
RCNX0690.JPG,/Volumes/Seagate Portable Drive/KYLE_AI_DATABASE/A_CAMERA/Focal_species/Gulo gulo/BDF10-M6/CC/2021/COLOR/Robust marks/01.12-16.01
RCNX0671.JPG,/Volumes/Seagate Portable Drive/KYLE_AI_DATABASE/A_CAMERA/Focal_species/Gulo gulo/BDF10-M6/CC/2021/COLOR/Robust marks/01.12-15.53
IMG_3712.JPG,/Volumes/Seagate Portable Drive/KYLE_AI_DATABASE/A_CAMERA/Focal_species/Gulo gulo/HFW12-F7/DM/2016/B&W/Robust marks/04.18-04.45
IMG_3118.JPG,/Volumes/Seagate Portable Drive/KYLE_AI_DATABASE/A_CAMERA/Focal_species/Gulo gulo/HFW12-F7/DM/2016/B&W/Robust marks/04.18-04.45
IMG_0836.JPG,/Volumes/Seagate Portable Drive/KYLE_AI_DATABASE/A_CAMERA/Focal_species/Gulo gulo/HFW12-F7/DM/2016/B&W/Robust marks/02.28-04.20
IMG_3973.JPG,/Volumes/Seagate Portable Drive/KYLE_AI_DATABASE/A_CAMERA/Focal_species/Gulo gulo/HFW12-F7/DM/2016/B&W/Robust marks/04.19-04.26
IMG_1464.JPG,/Volumes/Seagate Portable Drive/KYLE_AI_DATABASE/A_CAMERA/Focal_species/Gulo gulo/HFW12-F7/DM/2016/B&W/Robust marks/04.07-02.44
IMG_1780.JPG,/Volumes/Seagate Portable Drive/KYLE_AI_DATABASE/A_CAMERA/Focal_species/Gulo gulo/HFW12-F7/DM/2016/B&W/Robust marks/03.04-03.10
IMG_2620.JPG,/Volumes/Seagate Portable Drive/KYLE_AI_DATABASE/A_CAMERA/Focal_species/Gulo gulo/HFW12-F7/CC/2016/B&W/Robust marks/03.05-03.27
IMG_2630.JPG,/Volumes/Seagate Portable Drive/KYLE_AI_DATABASE/A_CAMERA/Focal_species/Gulo gulo/HFW12-F7/CC/2016/B&W/Robust marks/03.05-03.27
IMG_1329.JPG,/Volumes/Seagate Portable Drive/KYLE_AI_DATABASE/A_CAMERA/Focal_species/Gulo gulo/HFW12-F7/DM/2016/B&W/Robust marks/04.07-02.28
IMG_2471.JPG,/Volumes/Seagate Portable Drive/KYLE_AI_DATABASE/A_CAMERA/Focal_species/Gulo gulo/HFW12-F7/DM/2016/B&W/Robust marks/02.11-01.39
IMG_3009.JPG,/Volumes/Seagate Portable Drive/KYLE_AI_DATABASE/A_CAMERA/Focal_species/Gulo gulo/HFW12-F7/DM/2016/B&W/Robust marks/02.11-01.51
IMG_3003.JPG,/Volumes/Seagate Portable Drive/KYLE_AI_DATABASE/A_CAMERA/Focal_species/Gulo gulo/HFW12-F7/DM/2016/B&W/Robust marks/02.11-01.51
IMG_3798.JPG,/Volumes/Seagate Portable Drive/KYLE_AI_DATABASE/A_CAMERA/Focal_species/Gulo gulo/HFW12-F7/DM/2016/B&W/Robust marks/02.28-20.14
IMG_2498.JPG,/Volumes/Seagate Portable Drive/KYLE_AI_DATABASE/A_CAMERA/Focal_species/Gulo gulo/HFW12-F7/DM/2016/COLOR/Robust marks/03.21-11.00
IMG_2545.JPG,/Volumes/Seagate Portable Drive/KYLE_AI_DATABASE/A_CAMERA/Focal_species/Gulo gulo/HFW12-F7/DM/2016/COLOR/Robust marks/03.21-11.00
IMG_1614.JPG,/Volumes/Seagate Portable Drive/KYLE_AI_DATABASE/A_CAMERA/Focal_species/Gulo gulo/HFW12-F7/DM/2016/COLOR/Robust marks/04.17-17.22
IMG_0064.JPG,/Volumes/Seagate Portable Drive/KYLE_AI_DATABASE/A_CAMERA/Focal_species/Gulo gulo/HFW12-F7/HC/2016/COLOR/Robust marks/03.07-13.01
IMG_0042.JPG,/Volumes/Seagate Portable Drive/KYLE_AI_DATABASE/A_CAMERA/Focal_species/Gulo gulo/HFW12-F7/HC/2016/COLOR/Robust marks/03.11-08.34
IMG_0192.JPG,/Volumes/Seagate Portable Drive/KYLE_AI_DATABASE/A_CAMERA/Focal_species/Gulo gulo/HFW12-F7/HC/2016/COLOR/Robust marks/03.08-09.34
IMG_0187.JPG,/Volumes/Seagate Portable Drive/KYLE_AI_DATABASE/A_CAMERA/Focal_species/Gulo gulo/HFW12-F7/HC/2016/COLOR/Robust marks/03.08-09.34
IMG_3811.JPG,/Volumes/Seagate Portable Drive/KYLE_AI_DATABASE/A_CAMERA/Focal_species/Gulo gulo/HFW12-F7/HC/2016/COLOR/Robust marks/03.25-14.42
IMG_2668.JPG,/Volumes/Seagate Portable Drive/KYLE_AI_DATABASE/A_CAMERA/Focal_species/Gulo gulo/HFW12-F7/DM/2016/COLOR/Robust marks/03.21-11.03
IMG_2667.JPG,/Volumes/Seagate Portable Drive/KYLE_AI_DATABASE/A_CAMERA/Focal_species/Gulo gulo/HFW12-F7/DM/2016/COLOR/Robust marks/03.21-11.03
IMG_2662.JPG,/Volumes/Seagate Portable Drive/KYLE_AI_DATABASE/A_CAMERA/Focal_species/Gulo gulo/HFW12-F7/DM/2016/COLOR/Robust marks/03.21-11.03
IMG_0292.JPG,/Volumes/Seagate Portable Drive/KYLE_AI_DATABASE/A_CAMERA/Focal_species/Gulo gulo/HFW12-F7/HC/2016/COLOR/Robust marks/03.08-09.56
IMG_0304.JPG,/Volumes/Seagate Portable Drive/KYLE_AI_DATABASE/A_CAMERA/Focal_species/Gulo gulo/HFW12-F7/HC/2016/COLOR/Robust marks/03.08-09.56
IMG_3699.JPG,/Volumes/Seagate Portable Drive/KYLE_AI_DATABASE/A_CAMERA/Focal_species/Gulo gulo/HFW12-F7/HC/2016/COLOR/Robust marks/03.09-11.35
IMG_2528.JPG,/Volumes/Seagate Portable Drive/KYLE_AI_DATABASE/A_CAMERA/Focal_species/Gulo gulo/HFW12-F7/HC/2016/COLOR/Robust marks/03.25-12.48
IMG_2558.JPG,/Volumes/Seagate Portable Drive/KYLE_AI_DATABASE/A_CAMERA/Focal_species/Gulo gulo/HFW12-F7/HC/2016/COLOR/Robust marks/03.25-12.48
RCNX1251.JPG,/Volumes/Seagate Portable Drive/KYLE_AI_DATABASE/A_CAMERA/Focal_species/Gulo gulo/HLC20-H3/HC/2020/B&W/Robust marks/04.17-00.15
RCNX2474.JPG,/Volumes/Seagate Portable Drive/KYLE_AI_DATABASE/A_CAMERA/Focal_species/Gulo gulo/HLC20-H3/JC/2020/B&W/Robust marks/03.31-06.08
RCNX1360.JPG,/Volumes/Seagate Portable Drive/KYLE_AI_DATABASE/A_CAMERA/Focal_species/Gulo gulo/HLC20-H3/SC/2020/B&W/Robust marks/03.28-23.59
RCNX1362.JPG,/Volumes/Seagate Portable Drive/KYLE_AI_DATABASE/A_CAMERA/Focal_species/Gulo gulo/HLC20-H3/SC/2020/B&W/Robust marks/03.28-23.59
RCNX1365.JPG,/Volumes/Seagate Portable Drive/KYLE_AI_DATABASE/A_CAMERA/Focal_species/Gulo gulo/HLC20-H3/SC/2020/B&W/Robust marks/03.28-23.59
RCNX1427.JPG,/Volumes/Seagate Portable Drive/KYLE_AI_DATABASE/A_CAMERA/Focal_species/Gulo gulo/HLC20-H3/SC/2020/B&W/Robust marks/03.29-00.14
RCNX1424.JPG,/Volumes/Seagate Portable Drive/KYLE_AI_DATABASE/A_CAMERA/Focal_species/Gulo gulo/HLC20-H3/SC/2020/B&W/Robust marks/03.29-00.14
RCNX1630.JPG,/Volumes/Seagate Portable Drive/KYLE_AI_DATABASE/A_CAMERA/Focal_species/Gulo gulo/HLC20-H3/SC/2020/B&W/Robust marks/03.29-00.26
RCNX1629.JPG,/Volumes/Seagate Portable Drive/KYLE_AI_DATABASE/A_CAMERA/Focal_species/Gulo gulo/HLC20-H3/SC/2020/B&W/Robust marks/03.29-00.26
RCNX2003.JPG,/Volumes/Seagate Portable Drive/KYLE_AI_DATABASE/A_CAMERA/Focal_species/Gulo gulo/HLC20-H3/SC/2020/COLOR/Robust marks/04.06-10.57
RCNX2002.JPG,/Volumes/Seagate Portable Drive/KYLE_AI_DATABASE/A_CAMERA/Focal_species/Gulo gulo/HLC20-H3/SC/2020/COLOR/Robust marks/04.06-10.57
RCNX0774.JPG,/Volumes/Seagate Portable Drive/KYLE_AI_DATABASE/A_CAMERA/Focal_species/Gulo gulo/HLC20-H3/JC/2020/COLOR/Robust marks/04.08-10.38
RCNX1588.JPG,/Volumes/Seagate Portable Drive/KYLE_AI_DATABASE/A_CAMERA/Focal_species/Gulo gulo/HLC20-H3/JC/2020/COLOR/Robust marks/03.30-09.55
RCNX1589.JPG,/Volumes/Seagate Portable Drive/KYLE_AI_DATABASE/A_CAMERA/Focal_species/Gulo gulo/HLC20-H3/JC/2020/COLOR/Robust marks/03.30-09.55
RCNX1358.JPG,/Volumes/Seagate Portable Drive/KYLE_AI_DATABASE/A_CAMERA/Focal_species/Gulo gulo/HLC20-H3/DM/2020/COLOR/Robust marks/03.29-17.41
RCNX1366.JPG,/Volumes/Seagate Portable Drive/KYLE_AI_DATABASE/A_CAMERA/Focal_species/Gulo gulo/HLC20-H3/DM/2020/COLOR/Robust marks/03.29-17.41
RCNX1922.JPG,/Volumes/Seagate Portable Drive/KYLE_AI_DATABASE/A_CAMERA/Focal_species/Gulo gulo/HLC20-H3/JC/2020/COLOR/Robust marks/03.30-16.30
RCNX1510.JPG,/Volumes/Seagate Portable Drive/KYLE_AI_DATABASE/A_CAMERA/Focal_species/Gulo gulo/HLC20-H3/DM/2020/COLOR/Robust marks/03.29-17.46
RCNX1445.JPG,/Volumes/Seagate Portable Drive/KYLE_AI_DATABASE/A_CAMERA/Focal_species/Gulo gulo/HLC20-H3/DM/2020/COLOR/Robust marks/03.29-17.46
RCNX1320.JPG,/Volumes/Seagate Portable Drive/KYLE_AI_DATABASE/A_CAMERA/Focal_species/Gulo gulo/HLC20-H3/DM/2020/COLOR/Robust marks/03.29-17.34
RCNX1325.JPG,/Volumes/Seagate Portable Drive/KYLE_AI_DATABASE/A_CAMERA/Focal_species/Gulo gulo/HLC20-H3/DM/2020/COLOR/Robust marks/03.29-17.34
RCNX2129.JPG,/Volumes/Seagate Portable Drive/KYLE_AI_DATABASE/A_CAMERA/Focal_species/Gulo gulo/HLC20-H3/JC/2020/COLOR/Robust marks/03.30-16.44
RCNX2131.JPG,/Volumes/Seagate Portable Drive/KYLE_AI_DATABASE/A_CAMERA/Focal_species/Gulo gulo/HLC20-H3/JC/2020/COLOR/Robust marks/03.30-16.44
RCNX0816.JPG,/Volumes/Seagate Portable Drive/KYLE_AI_DATABASE/A_CAMERA/Focal_species/Gulo gulo/HLC20-H3/JC/2020/COLOR/Robust marks/04.08-10.44
RCNX0970.JPG,/Volumes/Seagate Portable Drive/KYLE_AI_DATABASE/A_CAMERA/Focal_species/Gulo gulo/HLC20-H3/BM/2021/B&W/Robust marks/02.03-03.00
RCNX0984.JPG,/Volumes/Seagate Portable Drive/KYLE_AI_DATABASE/A_CAMERA/Focal_species/Gulo gulo/HLC20-H3/BM/2021/B&W/Robust marks/02.03-03.00
RCNX0979.JPG,/Volumes/Seagate Portable Drive/KYLE_AI_DATABASE/A_CAMERA/Focal_species/Gulo gulo/HLC20-H3/BM/2021/B&W/Robust marks/02.03-03.00
RCNX0264.JPG,/Volumes/Seagate Portable Drive/KYLE_AI_DATABASE/A_CAMERA/Focal_species/Gulo gulo/HLC20-H3/CC/2021/B&W/Robust marks/01.20-19.32
RCNX0106.JPG,/Volumes/Seagate Portable Drive/KYLE_AI_DATABASE/A_CAMERA/Focal_species/Gulo gulo/HLC20-H3/CC/2021/B&W/Robust marks/01.20-19.32
RCNX1455.JPG,/Volumes/Seagate Portable Drive/KYLE_AI_DATABASE/A_CAMERA/Focal_species/Gulo gulo/HLC20-H3/JC/2021/B&W/Robust marks/01.28-22.21
RCNX1457.JPG,/Volumes/Seagate Portable Drive/KYLE_AI_DATABASE/A_CAMERA/Focal_species/Gulo gulo/HLC20-H3/JC/2021/B&W/Robust marks/01.28-22.21
RCNX1453.JPG,/Volumes/Seagate Portable Drive/KYLE_AI_DATABASE/A_CAMERA/Focal_species/Gulo gulo/HLC20-H3/JC/2021/B&W/Robust marks/01.28-22.21
RCNX1454.JPG,/Volumes/Seagate Portable Drive/KYLE_AI_DATABASE/A_CAMERA/Focal_species/Gulo gulo/HLC20-H3/JC/2021/B&W/Robust marks/01.28-22.21
RCNX1462.JPG,/Volumes/Seagate Portable Drive/KYLE_AI_DATABASE/A_CAMERA/Focal_species/Gulo gulo/HLC20-H3/JC/2021/B&W/Robust marks/01.28-22.21
RCNX0067.JPG,/Volumes/Seagate Portable Drive/KYLE_AI_DATABASE/A_CAMERA/Focal_species/Gulo gulo/HLC20-H3/CC/2021/B&W/Robust marks/01.20-19.30
RCNX0066.JPG,/Volumes/Seagate Portable Drive/KYLE_AI_DATABASE/A_CAMERA/Focal_species/Gulo gulo/HLC20-H3/CC/2021/B&W/Robust marks/01.20-19.30
RCNX0044.JPG,/Volumes/Seagate Portable Drive/KYLE_AI_DATABASE/A_CAMERA/Focal_species/Gulo gulo/HLC20-H3/CC/2021/B&W/Robust marks/01.20-19.30
RCNX1017.JPG,/Volumes/Seagate Portable Drive/KYLE_AI_DATABASE/A_CAMERA/Focal_species/Gulo gulo/HLC20-H3/BM/2021/B&W/Robust marks/02.03-03.05
RCNX1013.JPG,/Volumes/Seagate Portable Drive/KYLE_AI_DATABASE/A_CAMERA/Focal_species/Gulo gulo/HLC20-H3/BM/2021/B&W/Robust marks/02.03-03.05
RCNX1016.JPG,/Volumes/Seagate Portable Drive/KYLE_AI_DATABASE/A_CAMERA/Focal_species/Gulo gulo/HLC20-H3/BM/2021/B&W/Robust marks/02.03-03.05
RCNX1012.JPG,/Volumes/Seagate Portable Drive/KYLE_AI_DATABASE/A_CAMERA/Focal_species/Gulo gulo/HLC20-H3/BM/2021/B&W/Robust marks/02.03-03.05
RCNX0536.JPG,/Volumes/Seagate Portable Drive/KYLE_AI_DATABASE/A_CAMERA/Focal_species/Gulo gulo/HLC20-H3/CC/2021/B&W/Robust marks/01.20-19.43
RCNX0646.JPG,/Volumes/Seagate Portable Drive/KYLE_AI_DATABASE/A_CAMERA/Focal_species/Gulo gulo/HLC20-H3/CC/2021/B&W/Robust marks/01.20-19.43
RCNX0587.JPG,/Volumes/Seagate Portable Drive/KYLE_AI_DATABASE/A_CAMERA/Focal_species/Gulo gulo/HLC20-H3/CC/2021/B&W/Robust marks/01.20-19.43
RCNX0719.JPG,/Volumes/Seagate Portable Drive/KYLE_AI_DATABASE/A_CAMERA/Focal_species/Gulo gulo/HLC20-H3/CC/2021/B&W/Robust marks/01.20-19.43
RCNX0579.JPG,/Volumes/Seagate Portable Drive/KYLE_AI_DATABASE/A_CAMERA/Focal_species/Gulo gulo/HLC20-H3/CC/2021/B&W/Robust marks/01.20-19.43
RCNX0183.JPG,/Volumes/Seagate Portable Drive/KYLE_AI_DATABASE/A_CAMERA/Focal_species/Gulo gulo/HLC20-H3/CC/2021/B&W/Robust marks/01.17-02.40
RCNX0186.JPG,/Volumes/Seagate Portable Drive/KYLE_AI_DATABASE/A_CAMERA/Focal_species/Gulo gulo/HLC20-H3/CC/2021/B&W/Robust marks/01.17-02.40
RCNX0721.JPG,/Volumes/Seagate Portable Drive/KYLE_AI_DATABASE/A_CAMERA/Focal_species/Gulo gulo/HLC20-H3/JC/2021/B&W/Robust marks/01.27-23.42
RCNX0634.JPG,/Volumes/Seagate Portable Drive/KYLE_AI_DATABASE/A_CAMERA/Focal_species/Gulo gulo/HLC20-H3/JC/2021/B&W/Robust marks/01.27-23.42
RCNX0773.JPG,/Volumes/Seagate Portable Drive/KYLE_AI_DATABASE/A_CAMERA/Focal_species/Gulo gulo/HLC20-H3/BM/2021/B&W/Robust marks/02.02-20.13
RCNX0629.JPG,/Volumes/Seagate Portable Drive/KYLE_AI_DATABASE/A_CAMERA/Focal_species/Gulo gulo/HLC20-H3/BM/2021/B&W/Robust marks/02.02-20.07
RCNX1178.JPG,/Volumes/Seagate Portable Drive/KYLE_AI_DATABASE/A_CAMERA/Focal_species/Gulo gulo/HLC20-H3/BM/2021/COLOR/Robust marks/03.21-09.59
RCNX0461.JPG,/Volumes/Seagate Portable Drive/KYLE_AI_DATABASE/A_CAMERA/Focal_species/Gulo gulo/HLC20-H3/CC/2021/COLOR/Robust marks/01.17-08.52
RCNX0376.JPG,/Volumes/Seagate Portable Drive/KYLE_AI_DATABASE/A_CAMERA/Focal_species/Gulo gulo/HLC20-H3/JC/2021/COLOR/Robust marks/04.08-10.50
RCNX0333.JPG,/Volumes/Seagate Portable Drive/KYLE_AI_DATABASE/A_CAMERA/Focal_species/Gulo gulo/HLC20-H3/JC/2021/COLOR/Robust marks/04.08-10.50
RCNX2055.JPG,/Volumes/Seagate Portable Drive/KYLE_AI_DATABASE/A_CAMERA/Focal_species/Gulo gulo/HLC20-H3/BM/2021/COLOR/Robust marks/05.10-10.54
RCNX1550.JPG,/Volumes/Seagate Portable Drive/KYLE_AI_DATABASE/A_CAMERA/Focal_species/Gulo gulo/HLC20-H3/BM/2021/COLOR/Robust marks/03.21-10.26
RCNX1468.JPG,/Volumes/Seagate Portable Drive/KYLE_AI_DATABASE/A_CAMERA/Focal_species/Gulo gulo/HLC20-H3/CC/2021/COLOR/Robust marks/01.20-11.19
RCNX0892.JPG,/Volumes/Seagate Portable Drive/KYLE_AI_DATABASE/A_CAMERA/Focal_species/Gulo gulo/HLC20-H3/BM/2021/COLOR/Robust marks/03.31-12.03
RCNX0048.JPG,/Volumes/Seagate Portable Drive/KYLE_AI_DATABASE/A_CAMERA/Focal_species/Gulo gulo/HLC20-H3/JC/2021/COLOR/Robust marks/04.08-10.36
RCNX0047.JPG,/Volumes/Seagate Portable Drive/KYLE_AI_DATABASE/A_CAMERA/Focal_species/Gulo gulo/HLC20-H3/JC/2021/COLOR/Robust marks/04.08-10.36
RCNX0501.JPG,/Volumes/Seagate Portable Drive/KYLE_AI_DATABASE/A_CAMERA/Focal_species/Gulo gulo/HLC20-H3/BM/2021/COLOR/Robust marks/02.02-14.57
RCNX0204.JPG,/Volumes/Seagate Portable Drive/KYLE_AI_DATABASE/A_CAMERA/Focal_species/Gulo gulo/HLC20-H3/BM/2021/COLOR/Robust marks/02.02-14.43
RCNX1319.JPG,/Volumes/Seagate Portable Drive/KYLE_AI_DATABASE/A_CAMERA/Focal_species/Gulo gulo/HLC20-H3/BM/2022/B&W/Robust marks/01.24-03.55
RCNX1358.JPG,/Volumes/Seagate Portable Drive/KYLE_AI_DATABASE/A_CAMERA/Focal_species/Gulo gulo/HLC20-H3/BM/2022/B&W/Robust marks/01.24-03.55
RCNX1486.JPG,/Volumes/Seagate Portable Drive/KYLE_AI_DATABASE/A_CAMERA/Focal_species/Gulo gulo/HLC20-H3/BM/2022/B&W/Robust marks/03.27-22.14
RCNX1597.JPG,/Volumes/Seagate Portable Drive/KYLE_AI_DATABASE/A_CAMERA/Focal_species/Gulo gulo/HLC20-H3/BM/2022/B&W/Robust marks/03.27-22.14
RCNX1525.JPG,/Volumes/Seagate Portable Drive/KYLE_AI_DATABASE/A_CAMERA/Focal_species/Gulo gulo/HLC20-H3/BM/2022/B&W/Robust marks/03.27-22.14
RCNX3663.JPG,/Volumes/Seagate Portable Drive/KYLE_AI_DATABASE/A_CAMERA/Focal_species/Gulo gulo/HLC20-H3/BM/2022/B&W/Robust marks/03.31-00.00
RCNX3690.JPG,/Volumes/Seagate Portable Drive/KYLE_AI_DATABASE/A_CAMERA/Focal_species/Gulo gulo/HLC20-H3/BM/2022/B&W/Robust marks/03.31-00.00
RCNX3689.JPG,/Volumes/Seagate Portable Drive/KYLE_AI_DATABASE/A_CAMERA/Focal_species/Gulo gulo/HLC20-H3/BM/2022/B&W/Robust marks/03.31-00.00
IMG_1031.JPG,/Volumes/Seagate Portable Drive/KYLE_AI_DATABASE/A_CAMERA/Focal_species/Gulo gulo/HLC20-H3/PP/2022/B&W/Robust marks/01.20-18.35
RCNX0342.JPG,/Volumes/Seagate Portable Drive/KYLE_AI_DATABASE/A_CAMERA/Focal_species/Gulo gulo/HLC20-H3/JC/2022/B&W/Robust marks/01.30-17.24
RCNX0344.JPG,/Volumes/Seagate Portable Drive/KYLE_AI_DATABASE/A_CAMERA/Focal_species/Gulo gulo/HLC20-H3/JC/2022/B&W/Robust marks/01.30-17.24
RCNX0346.JPG,/Volumes/Seagate Portable Drive/KYLE_AI_DATABASE/A_CAMERA/Focal_species/Gulo gulo/HLC20-H3/JC/2022/B&W/Robust marks/01.30-17.24
RCNX0347.JPG,/Volumes/Seagate Portable Drive/KYLE_AI_DATABASE/A_CAMERA/Focal_species/Gulo gulo/HLC20-H3/JC/2022/B&W/Robust marks/01.30-17.24
RCNX0341.JPG,/Volumes/Seagate Portable Drive/KYLE_AI_DATABASE/A_CAMERA/Focal_species/Gulo gulo/HLC20-H3/JC/2022/B&W/Robust marks/01.30-17.24
IMG_0674.JPG,/Volumes/Seagate Portable Drive/KYLE_AI_DATABASE/A_CAMERA/Focal_species/Gulo gulo/HLC20-H3/PP/2022/B&W/Robust marks/02.15-00.13
IMG_0673.JPG,/Volumes/Seagate Portable Drive/KYLE_AI_DATABASE/A_CAMERA/Focal_species/Gulo gulo/HLC20-H3/PP/2022/B&W/Robust marks/02.15-00.13
RCNX1423.JPG,/Volumes/Seagate Portable Drive/KYLE_AI_DATABASE/A_CAMERA/Focal_species/Gulo gulo/HLC20-H3/BM/2022/B&W/Robust marks/01.24-04.00
RCNX0421.JPG,/Volumes/Seagate Portable Drive/KYLE_AI_DATABASE/A_CAMERA/Focal_species/Gulo gulo/HLC20-H3/JC/2022/B&W/Robust marks/01.31-07.22
RCNX0371.JPG,/Volumes/Seagate Portable Drive/KYLE_AI_DATABASE/A_CAMERA/Focal_species/Gulo gulo/HLC20-H3/JC/2022/B&W/Robust marks/01.31-07.22
RCNX0396.JPG,/Volumes/Seagate Portable Drive/KYLE_AI_DATABASE/A_CAMERA/Focal_species/Gulo gulo/HLC20-H3/JC/2022/B&W/Robust marks/01.31-07.22
IMG_0012.JPG,/Volumes/Seagate Portable Drive/KYLE_AI_DATABASE/A_CAMERA/Focal_species/Gulo gulo/HLC20-H3/PP/2022/B&W/Robust marks/01.15-18.05
IMG_0431.JPG,/Volumes/Seagate Portable Drive/KYLE_AI_DATABASE/A_CAMERA/Focal_species/Gulo gulo/HLC20-H3/PP/2022/B&W/Robust marks/02.08-06.46
RCNX2574.JPG,/Volumes/Seagate Portable Drive/KYLE_AI_DATABASE/A_CAMERA/Focal_species/Gulo gulo/HLC20-H3/BM/2022/COLOR/Robust marks/01.24-16.28
RCNX2573.JPG,/Volumes/Seagate Portable Drive/KYLE_AI_DATABASE/A_CAMERA/Focal_species/Gulo gulo/HLC20-H3/BM/2022/COLOR/Robust marks/01.24-16.28
RCNX2365.JPG,/Volumes/Seagate Portable Drive/KYLE_AI_DATABASE/A_CAMERA/Focal_species/Gulo gulo/HLC20-H3/BM/2022/COLOR/Robust marks/01.24-16.28
RCNX1807.JPG,/Volumes/Seagate Portable Drive/KYLE_AI_DATABASE/A_CAMERA/Focal_species/Gulo gulo/HLC20-H3/BM/2022/COLOR/Robust marks/03.29-10.30
RCNX1801.JPG,/Volumes/Seagate Portable Drive/KYLE_AI_DATABASE/A_CAMERA/Focal_species/Gulo gulo/HLC20-H3/BM/2022/COLOR/Robust marks/03.29-10.30
RCNX1859.JPG,/Volumes/Seagate Portable Drive/KYLE_AI_DATABASE/A_CAMERA/Focal_species/Gulo gulo/HLC20-H3/BM/2022/COLOR/Robust marks/03.29-10.30
RCNX8254.JPG,/Volumes/Seagate Portable Drive/KYLE_AI_DATABASE/A_CAMERA/Focal_species/Gulo gulo/HLC20-H3/BM/2022/COLOR/Robust marks/04.09-08.55
RCNX1017.JPG,/Volumes/Seagate Portable Drive/KYLE_AI_DATABASE/A_CAMERA/Focal_species/Gulo gulo/HLC20-H3/BM/2022/COLOR/Robust marks/03.27-10.52
RCNX0933.JPG,/Volumes/Seagate Portable Drive/KYLE_AI_DATABASE/A_CAMERA/Focal_species/Gulo gulo/HLC20-H3/BM/2022/COLOR/Robust marks/03.27-10.52
RCNX0777.JPG,/Volumes/Seagate Portable Drive/KYLE_AI_DATABASE/A_CAMERA/Focal_species/Gulo gulo/HLC20-H3/BM/2022/COLOR/Robust marks/03.27-10.52
RCNX1710.JPG,/Volumes/Seagate Portable Drive/KYLE_AI_DATABASE/A_CAMERA/Focal_species/Gulo gulo/HLC20-H3/PP/2022/COLOR/Robust marks/03.31-10.50
RCNX1705.JPG,/Volumes/Seagate Portable Drive/KYLE_AI_DATABASE/A_CAMERA/Focal_species/Gulo gulo/HLC20-H3/PP/2022/COLOR/Robust marks/03.31-10.50
RCNX1704.JPG,/Volumes/Seagate Portable Drive/KYLE_AI_DATABASE/A_CAMERA/Focal_species/Gulo gulo/HLC20-H3/PP/2022/COLOR/Robust marks/03.31-10.50
RCNX1708.JPG,/Volumes/Seagate Portable Drive/KYLE_AI_DATABASE/A_CAMERA/Focal_species/Gulo gulo/HLC20-H3/PP/2022/COLOR/Robust marks/03.31-10.50
RCNX8609.JPG,/Volumes/Seagate Portable Drive/KYLE_AI_DATABASE/A_CAMERA/Focal_species/Gulo gulo/HLC20-H3/BM/2022/COLOR/Robust marks/04.28-14.41
RCNX8608.JPG,/Volumes/Seagate Portable Drive/KYLE_AI_DATABASE/A_CAMERA/Focal_species/Gulo gulo/HLC20-H3/BM/2022/COLOR/Robust marks/04.28-14.41
IMG_0625.JPG,/Volumes/Seagate Portable Drive/KYLE_AI_DATABASE/A_CAMERA/Focal_species/Gulo gulo/HLC20-H3/PP/2022/COLOR/Robust marks/03.01-10.54
IMG_0608.JPG,/Volumes/Seagate Portable Drive/KYLE_AI_DATABASE/A_CAMERA/Focal_species/Gulo gulo/HLC20-H3/PP/2022/COLOR/Robust marks/03.01-10.54
IMG_0331.JPG,/Volumes/Seagate Portable Drive/KYLE_AI_DATABASE/A_CAMERA/Focal_species/Gulo gulo/HLC20-H3/PP/2022/COLOR/Robust marks/03.01-10.40
RCNX0289.JPG,/Volumes/Seagate Portable Drive/KYLE_AI_DATABASE/A_CAMERA/Focal_species/Gulo gulo/HLC20-H3/BM/2022/COLOR/Robust marks/01.23-16.33
RCNX2612.JPG,/Volumes/Seagate Portable Drive/KYLE_AI_DATABASE/A_CAMERA/Focal_species/Gulo gulo/HLC20-H3/BM/2022/COLOR/Robust marks/03.30-16.51
RCNX3009.JPG,/Volumes/Seagate Portable Drive/KYLE_AI_DATABASE/A_CAMERA/Focal_species/Gulo gulo/HLC20-H3/BM/2022/COLOR/Robust marks/03.30-16.51
RCNX3669.JPG,/Volumes/Seagate Portable Drive/KYLE_AI_DATABASE/A_CAMERA/Focal_species/Gulo gulo/HLC20-H3/PP/2023/B&W/Robust marks/03.17-04.44
RCNX3589.JPG,/Volumes/Seagate Portable Drive/KYLE_AI_DATABASE/A_CAMERA/Focal_species/Gulo gulo/HLC20-H3/PP/2023/B&W/Robust marks/03.17-04.44
RCNX0004.JPG,/Volumes/Seagate Portable Drive/KYLE_AI_DATABASE/A_CAMERA/Focal_species/Gulo gulo/HLC20-H3/PP/2023/B&W/Robust marks/01.09-00.56
RCNX0003.JPG,/Volumes/Seagate Portable Drive/KYLE_AI_DATABASE/A_CAMERA/Focal_species/Gulo gulo/HLC20-H3/PP/2023/B&W/Robust marks/01.09-00.56
RCNX1412.JPG,/Volumes/Seagate Portable Drive/KYLE_AI_DATABASE/A_CAMERA/Focal_species/Gulo gulo/HLC20-H3/PP/2023/B&W/Robust marks/01.09-19.06
RCNX1420.JPG,/Volumes/Seagate Portable Drive/KYLE_AI_DATABASE/A_CAMERA/Focal_species/Gulo gulo/HLC20-H3/PP/2023/B&W/Robust marks/01.09-19.06
RCNX1415.JPG,/Volumes/Seagate Portable Drive/KYLE_AI_DATABASE/A_CAMERA/Focal_species/Gulo gulo/HLC20-H3/PP/2023/B&W/Robust marks/01.09-19.06
RCNX0022.JPG,/Volumes/Seagate Portable Drive/KYLE_AI_DATABASE/A_CAMERA/Focal_species/Gulo gulo/HLC20-H3/PP/2023/B&W/Robust marks/01.09-01.09
RCNX3291.JPG,/Volumes/Seagate Portable Drive/KYLE_AI_DATABASE/A_CAMERA/Focal_species/Gulo gulo/HLC20-H3/PP/2023/B&W/Robust marks/01.25-20.00
RCNX1434.JPG,/Volumes/Seagate Portable Drive/KYLE_AI_DATABASE/A_CAMERA/Focal_species/Gulo gulo/HLC20-H3/PP/2023/B&W/Robust marks/01.24-06.03
RCNX0129.JPG,/Volumes/Seagate Portable Drive/KYLE_AI_DATABASE/A_CAMERA/Focal_species/Gulo gulo/HLC20-H3/PP/2023/B&W/Robust marks/03.14-19.43
RCNX0290.JPG,/Volumes/Seagate Portable Drive/KYLE_AI_DATABASE/A_CAMERA/Focal_species/Gulo gulo/HLC20-H3/PP/2023/B&W/Robust marks/01.09-01.38
RCNX4144.JPG,/Volumes/Seagate Portable Drive/KYLE_AI_DATABASE/A_CAMERA/Focal_species/Gulo gulo/HLC20-H3/PP/2023/B&W/Robust marks/03.01-22.09
RCNX1687.JPG,/Volumes/Seagate Portable Drive/KYLE_AI_DATABASE/A_CAMERA/Focal_species/Gulo gulo/HLC20-H3/PP/2023/B&W/Robust marks/01.24-06.26
RCNX1862.JPG,/Volumes/Seagate Portable Drive/KYLE_AI_DATABASE/A_CAMERA/Focal_species/Gulo gulo/HLC20-H3/PP/2023/COLOR/Robust marks/03.16-16.55
RCNX3246.JPG,/Volumes/Seagate Portable Drive/KYLE_AI_DATABASE/A_CAMERA/Focal_species/Gulo gulo/HLC20-H3/PP/2023/COLOR/Robust marks/02.27-07.34
RCNX1117.JPG,/Volumes/Seagate Portable Drive/KYLE_AI_DATABASE/A_CAMERA/Focal_species/Gulo gulo/HLC20-H3/PP/2023/COLOR/Robust marks/01.23-15.40
RCNX0478.JPG,/Volumes/Seagate Portable Drive/KYLE_AI_DATABASE/A_CAMERA/Focal_species/Gulo gulo/HLC20-H3/PP/2023/COLOR/Robust marks/01.23-09.34
RCNX1618.JPG,/Volumes/Seagate Portable Drive/KYLE_AI_DATABASE/A_CAMERA/Focal_species/Gulo gulo/HLC20-H3/PP/2023/COLOR/Robust marks/03.16-11.19
RCNX0592.JPG,/Volumes/Seagate Portable Drive/KYLE_AI_DATABASE/A_CAMERA/Focal_species/Gulo gulo/HLC20-H3/PP/2023/COLOR/Robust marks/02.07-16.26
RCNX0701.JPG,/Volumes/Seagate Portable Drive/KYLE_AI_DATABASE/A_CAMERA/Focal_species/Gulo gulo/HLC20-H3/PP/2023/COLOR/Robust marks/01.23-09.42
RCNX0042.JPG,/Volumes/Seagate Portable Drive/KYLE_AI_DATABASE/A_CAMERA/Focal_species/Gulo gulo/HLC20-H3/PP/2023/COLOR/Robust marks/01.23-09.18
RCNX0141.JPG,/Volumes/Seagate Portable Drive/KYLE_AI_DATABASE/A_CAMERA/Focal_species/Gulo gulo/HLC20-H3/PP/2023/COLOR/Robust marks/01.23-09.18
RCNX1901.JPG,/Volumes/Seagate Portable Drive/KYLE_AI_DATABASE/A_CAMERA/Focal_species/Gulo gulo/HLC20-H3/PP/2023/COLOR/Robust marks/02.26-17.58
RCNX3527.JPG,/Volumes/Seagate Portable Drive/KYLE_AI_DATABASE/A_CAMERA/Focal_species/Gulo gulo/HLC20-H3/PP/2023/COLOR/Robust marks/02.27-16.15
RCNX3514.JPG,/Volumes/Seagate Portable Drive/KYLE_AI_DATABASE/A_CAMERA/Focal_species/Gulo gulo/HLC20-H3/PP/2023/COLOR/Robust marks/02.27-16.15
RCNX3508.JPG,/Volumes/Seagate Portable Drive/KYLE_AI_DATABASE/A_CAMERA/Focal_species/Gulo gulo/HLC20-H3/PP/2023/COLOR/Robust marks/02.27-16.15
RCNX2458.JPG,/Volumes/Seagate Portable Drive/KYLE_AI_DATABASE/A_CAMERA/Focal_species/Gulo gulo/HLC21-H1/CC/2021/COLOR/Robust marks/01.14-10.26
RCNX2502.JPG,/Volumes/Seagate Portable Drive/KYLE_AI_DATABASE/A_CAMERA/Focal_species/Gulo gulo/HLC21-H1/CC/2021/COLOR/Robust marks/01.14-10.45
RCNX2497.JPG,/Volumes/Seagate Portable Drive/KYLE_AI_DATABASE/A_CAMERA/Focal_species/Gulo gulo/HLC21-H1/CC/2021/COLOR/Robust marks/01.14-10.45
RCNX1480.JPG,/Volumes/Seagate Portable Drive/KYLE_AI_DATABASE/A_CAMERA/Focal_species/Gulo gulo/LH23-M1/LH/2023/B&W/Robust marks/03.07-20.21
RCNX1485.JPG,/Volumes/Seagate Portable Drive/KYLE_AI_DATABASE/A_CAMERA/Focal_species/Gulo gulo/LH23-M1/LH/2023/B&W/Robust marks/03.07-20.21
RCNX1486.JPG,/Volumes/Seagate Portable Drive/KYLE_AI_DATABASE/A_CAMERA/Focal_species/Gulo gulo/LH23-M1/LH/2023/B&W/Robust marks/03.07-20.21
RCNX3675.JPG,/Volumes/Seagate Portable Drive/KYLE_AI_DATABASE/A_CAMERA/Focal_species/Gulo gulo/LH23-M1/LH/2023/B&W/Robust marks/03.10-05.27
RCNX1491.JPG,/Volumes/Seagate Portable Drive/KYLE_AI_DATABASE/A_CAMERA/Focal_species/Gulo gulo/LH23-M1/LH/2023/B&W/Robust marks/03.07-20.26
RCNX3026.JPG,/Volumes/Seagate Portable Drive/KYLE_AI_DATABASE/A_CAMERA/Focal_species/Gulo gulo/LH23-M1/LH/2023/B&W/Robust marks/03.09-19.29
RCNX3027.JPG,/Volumes/Seagate Portable Drive/KYLE_AI_DATABASE/A_CAMERA/Focal_species/Gulo gulo/LH23-M1/LH/2023/B&W/Robust marks/03.09-19.29
RCNX5070.JPG,/Volumes/Seagate Portable Drive/KYLE_AI_DATABASE/A_CAMERA/Focal_species/Gulo gulo/LH23-M1/LH/2023/B&W/Robust marks/03.12-01.44
RCNX1403.JPG,/Volumes/Seagate Portable Drive/KYLE_AI_DATABASE/A_CAMERA/Focal_species/Gulo gulo/LH23-M1/LH/2023/B&W/Robust marks/02.15-20.37
RCNX1401.JPG,/Volumes/Seagate Portable Drive/KYLE_AI_DATABASE/A_CAMERA/Focal_species/Gulo gulo/LH23-M1/LH/2023/B&W/Robust marks/02.15-20.37
RCNX1816.JPG,/Volumes/Seagate Portable Drive/KYLE_AI_DATABASE/A_CAMERA/Focal_species/Gulo gulo/LH23-M1/LH/2023/B&W/Robust marks/02.15-21.20
RCNX1818.JPG,/Volumes/Seagate Portable Drive/KYLE_AI_DATABASE/A_CAMERA/Focal_species/Gulo gulo/LH23-M1/LH/2023/B&W/Robust marks/02.15-21.20
RCNX3452.JPG,/Volumes/Seagate Portable Drive/KYLE_AI_DATABASE/A_CAMERA/Focal_species/Gulo gulo/LH23-M1/LH/2023/B&W/Robust marks/03.10-05.03
RCNX3050.JPG,/Volumes/Seagate Portable Drive/KYLE_AI_DATABASE/A_CAMERA/Focal_species/Gulo gulo/LH23-M1/LH/2023/B&W/Robust marks/03.09-19.35
RCNX3051.JPG,/Volumes/Seagate Portable Drive/KYLE_AI_DATABASE/A_CAMERA/Focal_species/Gulo gulo/LH23-M1/LH/2023/B&W/Robust marks/03.09-19.35
RCNX2511.JPG,/Volumes/Seagate Portable Drive/KYLE_AI_DATABASE/A_CAMERA/Focal_species/Gulo gulo/LH23-M1/LH/2023/B&W/Robust marks/03.09-06.24
RCNX2512.JPG,/Volumes/Seagate Portable Drive/KYLE_AI_DATABASE/A_CAMERA/Focal_species/Gulo gulo/LH23-M1/LH/2023/B&W/Robust marks/03.09-06.24
RCNX4134.JPG,/Volumes/Seagate Portable Drive/KYLE_AI_DATABASE/A_CAMERA/Focal_species/Gulo gulo/LH23-M1/LH/2023/COLOR/Robust marks/03.11-08.14
RCNX1818.JPG,/Volumes/Seagate Portable Drive/KYLE_AI_DATABASE/A_CAMERA/Focal_species/Gulo gulo/LH23-M1/LH/2023/COLOR/Robust marks/02.25-09.36
RCNX1877.JPG,/Volumes/Seagate Portable Drive/KYLE_AI_DATABASE/A_CAMERA/Focal_species/Gulo gulo/LH23-M1/LH/2023/COLOR/Robust marks/02.25-09.36
RCNX2771.JPG,/Volumes/Seagate Portable Drive/KYLE_AI_DATABASE/A_CAMERA/Focal_species/Gulo gulo/LH23-M1/LH/2023/COLOR/Robust marks/02.16-08.59
RCNX2311.JPG,/Volumes/Seagate Portable Drive/KYLE_AI_DATABASE/A_CAMERA/Focal_species/Gulo gulo/LH23-M1/LH/2023/COLOR/Robust marks/02.16-08.11
RCNX2312.JPG,/Volumes/Seagate Portable Drive/KYLE_AI_DATABASE/A_CAMERA/Focal_species/Gulo gulo/LH23-M1/LH/2023/COLOR/Robust marks/02.16-08.11
RCNX4105.JPG,/Volumes/Seagate Portable Drive/KYLE_AI_DATABASE/A_CAMERA/Focal_species/Gulo gulo/LH23-M1/LH/2023/COLOR/Robust marks/03.11-08.11
RCNX4102.JPG,/Volumes/Seagate Portable Drive/KYLE_AI_DATABASE/A_CAMERA/Focal_species/Gulo gulo/LH23-M1/LH/2023/COLOR/Robust marks/03.11-08.11
RCNX0874.JPG,/Volumes/Seagate Portable Drive/KYLE_AI_DATABASE/A_CAMERA/Focal_species/Gulo gulo/LH23-M1/LH/2023/COLOR/Robust marks/02.25-08.50
RCNX0919.JPG,/Volumes/Seagate Portable Drive/KYLE_AI_DATABASE/A_CAMERA/Focal_species/Gulo gulo/LH23-M1/LH/2023/COLOR/Robust marks/02.25-08.50
RCNX2540.JPG,/Volumes/Seagate Portable Drive/KYLE_AI_DATABASE/A_CAMERA/Focal_species/Gulo gulo/LH23-M1/LH/2023/COLOR/Robust marks/02.16-08.32
RCNX2242.JPG,/Volumes/Seagate Portable Drive/KYLE_AI_DATABASE/A_CAMERA/Focal_species/Gulo gulo/LH23-M1/LH/2023/COLOR/Robust marks/02.16-08.05
RCNX1069.JPG,/Volumes/Seagate Portable Drive/KYLE_AI_DATABASE/A_CAMERA/Focal_species/Gulo gulo/LH23-M1/LH/2023/COLOR/Robust marks/02.25-09.10
RCNX3201.JPG,/Volumes/Seagate Portable Drive/KYLE_AI_DATABASE/A_CAMERA/Focal_species/Gulo gulo/LH23-M1/LH/2023/COLOR/Robust marks/02.27-17.49
RCNX1670.JPG,/Volumes/Seagate Portable Drive/KYLE_AI_DATABASE/A_CAMERA/Focal_species/Gulo gulo/PA23-F1/PA/2023/B&W/Robust marks/03.09-05.25
RCNX0615.JPG,/Volumes/Seagate Portable Drive/KYLE_AI_DATABASE/A_CAMERA/Focal_species/Gulo gulo/PA23-F1/PA/2023/B&W/Robust marks/04.17-23.30
RCNX0591.JPG,/Volumes/Seagate Portable Drive/KYLE_AI_DATABASE/A_CAMERA/Focal_species/Gulo gulo/PA23-F1/PA/2023/B&W/Robust marks/04.17-23.30
RCNX0592.JPG,/Volumes/Seagate Portable Drive/KYLE_AI_DATABASE/A_CAMERA/Focal_species/Gulo gulo/PA23-F1/PA/2023/B&W/Robust marks/04.17-23.30
RCNX2567.JPG,/Volumes/Seagate Portable Drive/KYLE_AI_DATABASE/A_CAMERA/Focal_species/Gulo gulo/PA23-F1/PA/2023/B&W/Robust marks/04.19-21.32
RCNX2492.JPG,/Volumes/Seagate Portable Drive/KYLE_AI_DATABASE/A_CAMERA/Focal_species/Gulo gulo/PA23-F1/PA/2023/B&W/Robust marks/04.19-20.57
RCNX2491.JPG,/Volumes/Seagate Portable Drive/KYLE_AI_DATABASE/A_CAMERA/Focal_species/Gulo gulo/PA23-F1/PA/2023/B&W/Robust marks/04.19-20.57
RCNX2501.JPG,/Volumes/Seagate Portable Drive/KYLE_AI_DATABASE/A_CAMERA/Focal_species/Gulo gulo/PA23-F1/PA/2023/B&W/Robust marks/04.19-20.57
RCNX1322.JPG,/Volumes/Seagate Portable Drive/KYLE_AI_DATABASE/A_CAMERA/Focal_species/Gulo gulo/PA23-F1/PA/2023/B&W/Robust marks/03.17-21.33
RCNX2331.JPG,/Volumes/Seagate Portable Drive/KYLE_AI_DATABASE/A_CAMERA/Focal_species/Gulo gulo/PA23-F1/PA/2023/B&W/Robust marks/04.19-20.35
RCNX3789.JPG,/Volumes/Seagate Portable Drive/KYLE_AI_DATABASE/A_CAMERA/Focal_species/Gulo gulo/PA23-F1/PA/2023/B&W/Robust marks/03.21-19.09
RCNX3800.JPG,/Volumes/Seagate Portable Drive/KYLE_AI_DATABASE/A_CAMERA/Focal_species/Gulo gulo/PA23-F1/PA/2023/B&W/Robust marks/03.21-19.09
RCNX3745.JPG,/Volumes/Seagate Portable Drive/KYLE_AI_DATABASE/A_CAMERA/Focal_species/Gulo gulo/PA23-F1/PA/2023/B&W/Robust marks/03.21-19.09
RCNX3808.JPG,/Volumes/Seagate Portable Drive/KYLE_AI_DATABASE/A_CAMERA/Focal_species/Gulo gulo/PA23-F1/PA/2023/B&W/Robust marks/04.20-21.02
RCNX3810.JPG,/Volumes/Seagate Portable Drive/KYLE_AI_DATABASE/A_CAMERA/Focal_species/Gulo gulo/PA23-F1/PA/2023/B&W/Robust marks/04.20-21.02
RCNX0278.JPG,/Volumes/Seagate Portable Drive/KYLE_AI_DATABASE/A_CAMERA/Focal_species/Gulo gulo/PA23-F1/PA/2023/B&W/Robust marks/03.07-21.25
RCNX0284.JPG,/Volumes/Seagate Portable Drive/KYLE_AI_DATABASE/A_CAMERA/Focal_species/Gulo gulo/PA23-F1/PA/2023/B&W/Robust marks/03.07-21.25
RCNX0277.JPG,/Volumes/Seagate Portable Drive/KYLE_AI_DATABASE/A_CAMERA/Focal_species/Gulo gulo/PA23-F1/PA/2023/B&W/Robust marks/03.07-21.25
RCNX0227.JPG,/Volumes/Seagate Portable Drive/KYLE_AI_DATABASE/A_CAMERA/Focal_species/Gulo gulo/PA23-F1/PA/2023/B&W/Robust marks/03.07-21.20
RCNX0222.JPG,/Volumes/Seagate Portable Drive/KYLE_AI_DATABASE/A_CAMERA/Focal_species/Gulo gulo/PA23-F1/PA/2023/B&W/Robust marks/03.07-21.20
RCNX0226.JPG,/Volumes/Seagate Portable Drive/KYLE_AI_DATABASE/A_CAMERA/Focal_species/Gulo gulo/PA23-F1/PA/2023/B&W/Robust marks/03.07-21.20
RCNX4325.JPG,/Volumes/Seagate Portable Drive/KYLE_AI_DATABASE/A_CAMERA/Focal_species/Gulo gulo/PA23-F1/PA/2023/COLOR/Robust marks/03.27-13.27
RCNX1719.JPG,/Volumes/Seagate Portable Drive/KYLE_AI_DATABASE/A_CAMERA/Focal_species/Gulo gulo/PA23-F1/PA/2023/COLOR/Robust marks/04.18-18.26
RCNX4292.JPG,/Volumes/Seagate Portable Drive/KYLE_AI_DATABASE/A_CAMERA/Focal_species/Gulo gulo/PA23-F1/PA/2023/COLOR/Robust marks/03.27-13.20
RCNX4280.JPG,/Volumes/Seagate Portable Drive/KYLE_AI_DATABASE/A_CAMERA/Focal_species/Gulo gulo/PA23-F1/PA/2023/COLOR/Robust marks/03.27-13.20
RCNX4291.JPG,/Volumes/Seagate Portable Drive/KYLE_AI_DATABASE/A_CAMERA/Focal_species/Gulo gulo/PA23-F1/PA/2023/COLOR/Robust marks/03.27-13.20
RCNX4296.JPG,/Volumes/Seagate Portable Drive/KYLE_AI_DATABASE/A_CAMERA/Focal_species/Gulo gulo/PA23-F1/PA/2023/COLOR/Robust marks/03.27-13.20
RCNX1761.JPG,/Volumes/Seagate Portable Drive/KYLE_AI_DATABASE/A_CAMERA/Focal_species/Gulo gulo/PA23-F1/PA/2023/COLOR/Robust marks/04.18-18.36
RCNX1765.JPG,/Volumes/Seagate Portable Drive/KYLE_AI_DATABASE/A_CAMERA/Focal_species/Gulo gulo/PA23-F1/PA/2023/COLOR/Robust marks/04.18-18.36
RCNX1442.JPG,/Volumes/Seagate Portable Drive/KYLE_AI_DATABASE/A_CAMERA/Focal_species/Gulo gulo/PA23-F1/PA/2023/COLOR/Robust marks/04.18-17.29
RCNX4366.JPG,/Volumes/Seagate Portable Drive/KYLE_AI_DATABASE/A_CAMERA/Focal_species/Gulo gulo/PA23-F1/PA/2023/COLOR/Robust marks/03.30-17.28
RCNX4381.JPG,/Volumes/Seagate Portable Drive/KYLE_AI_DATABASE/A_CAMERA/Focal_species/Gulo gulo/PA23-F1/PA/2023/COLOR/Robust marks/03.30-17.28
RCNX2058.JPG,/Volumes/Seagate Portable Drive/KYLE_AI_DATABASE/A_CAMERA/Focal_species/Gulo gulo/PA23-F1/PA/2023/COLOR/Robust marks/03.17-11.53
RCNX2059.JPG,/Volumes/Seagate Portable Drive/KYLE_AI_DATABASE/A_CAMERA/Focal_species/Gulo gulo/PA23-F1/PA/2023/COLOR/Robust marks/03.17-11.53
RCNX2061.JPG,/Volumes/Seagate Portable Drive/KYLE_AI_DATABASE/A_CAMERA/Focal_species/Gulo gulo/PA23-F1/PA/2023/COLOR/Robust marks/04.19-15.36
RCNX2066.JPG,/Volumes/Seagate Portable Drive/KYLE_AI_DATABASE/A_CAMERA/Focal_species/Gulo gulo/PA23-F1/PA/2023/COLOR/Robust marks/04.19-15.36
RCNX2264.JPG,/Volumes/Seagate Portable Drive/KYLE_AI_DATABASE/A_CAMERA/Focal_species/Gulo gulo/PA23-F1/PA/2023/COLOR/Robust marks/03.18-12.14
RCNX5120.JPG,/Volumes/Seagate Portable Drive/KYLE_AI_DATABASE/A_CAMERA/Focal_species/Gulo gulo/PA23-F1/PA/2023/COLOR/Robust marks/04.27-06.26
RCNX5116.JPG,/Volumes/Seagate Portable Drive/KYLE_AI_DATABASE/A_CAMERA/Focal_species/Gulo gulo/PA23-F1/PA/2023/COLOR/Robust marks/04.27-06.26
RCNX5114.JPG,/Volumes/Seagate Portable Drive/KYLE_AI_DATABASE/A_CAMERA/Focal_species/Gulo gulo/PA23-F1/PA/2023/COLOR/Robust marks/04.27-06.26
RCNX0093.JPG,/Volumes/Seagate Portable Drive/KYLE_AI_DATABASE/A_CAMERA/Focal_species/Gulo gulo/PA23-M1/PA/2023/B&W/Robust marks/02.18-21.32
RCNX0205.JPG,/Volumes/Seagate Portable Drive/KYLE_AI_DATABASE/A_CAMERA/Focal_species/Gulo gulo/PA23-M1/PA/2023/B&W/Robust marks/02.18-21.32
RCNX0311.JPG,/Volumes/Seagate Portable Drive/KYLE_AI_DATABASE/A_CAMERA/Focal_species/Gulo gulo/PA23-M1/PA/2023/B&W/Robust marks/02.18-21.50
RCNX0321.JPG,/Volumes/Seagate Portable Drive/KYLE_AI_DATABASE/A_CAMERA/Focal_species/Gulo gulo/PA23-M1/PA/2023/B&W/Robust marks/02.18-21.50
RCNX0312.JPG,/Volumes/Seagate Portable Drive/KYLE_AI_DATABASE/A_CAMERA/Focal_species/Gulo gulo/PA23-M1/PA/2023/B&W/Robust marks/02.18-21.50
RCNX0401.JPG,/Volumes/Seagate Portable Drive/KYLE_AI_DATABASE/A_CAMERA/Focal_species/Gulo gulo/PA23-M1/PA/2023/B&W/Robust marks/02.18-22.27
RCNX3975.JPG,/Volumes/Seagate Portable Drive/KYLE_AI_DATABASE/A_CAMERA/Focal_species/Gulo gulo/PA23-M2/PA/2023/B&W/Robust marks/02.26-01.58
RCNX3905.JPG,/Volumes/Seagate Portable Drive/KYLE_AI_DATABASE/A_CAMERA/Focal_species/Gulo gulo/PA23-M2/PA/2023/B&W/Robust marks/02.26-01.58
RCNX4044.JPG,/Volumes/Seagate Portable Drive/KYLE_AI_DATABASE/A_CAMERA/Focal_species/Gulo gulo/PA23-M2/PA/2023/B&W/Robust marks/02.26-03.02
RCNX4043.JPG,/Volumes/Seagate Portable Drive/KYLE_AI_DATABASE/A_CAMERA/Focal_species/Gulo gulo/PA23-M2/PA/2023/B&W/Robust marks/02.26-03.02
RCNX4042.JPG,/Volumes/Seagate Portable Drive/KYLE_AI_DATABASE/A_CAMERA/Focal_species/Gulo gulo/PA23-M2/PA/2023/B&W/Robust marks/02.26-03.02
RCNX1774.JPG,/Volumes/Seagate Portable Drive/KYLE_AI_DATABASE/A_CAMERA/Focal_species/Gulo gulo/PA23-M2/PA/2023/COLOR/Robust marks/02.25-11.20
RCNX2638.JPG,/Volumes/Seagate Portable Drive/KYLE_AI_DATABASE/A_CAMERA/Focal_species/Gulo gulo/PA23-M2/PA/2023/COLOR/Robust marks/02.25-11.20
RCNX2723.JPG,/Volumes/Seagate Portable Drive/KYLE_AI_DATABASE/A_CAMERA/Focal_species/Gulo gulo/PA23-M2/PA/2023/COLOR/Robust marks/02.25-12.01
RCNX3165.JPG,/Volumes/Seagate Portable Drive/KYLE_AI_DATABASE/A_CAMERA/Focal_species/Gulo gulo/PA23-M2/PA/2023/COLOR/Robust marks/02.25-12.01
RCNX3371.JPG,/Volumes/Seagate Portable Drive/KYLE_AI_DATABASE/A_CAMERA/Focal_species/Gulo gulo/PA23-M2/PA/2023/COLOR/Robust marks/02.25-12.24
RCNX3646.JPG,/Volumes/Seagate Portable Drive/KYLE_AI_DATABASE/A_CAMERA/Focal_species/Gulo gulo/PA23-M2/PA/2023/COLOR/Robust marks/02.25-17.44
RCNX1567.JPG,/Volumes/Seagate Portable Drive/KYLE_AI_DATABASE/A_CAMERA/Focal_species/Gulo gulo/Powder Paws/PA/2023/B&W/Robust marks/03.17-22.09
RCNX3870.JPG,/Volumes/Seagate Portable Drive/KYLE_AI_DATABASE/A_CAMERA/Focal_species/Gulo gulo/Powder Paws/PA/2023/B&W/Robust marks/03.21-21.21
RCNX1016.JPG,/Volumes/Seagate Portable Drive/KYLE_AI_DATABASE/A_CAMERA/Focal_species/Gulo gulo/Powder Paws/PA/2023/COLOR/Robust marks/03.08-12.38
RCNX1239.JPG,/Volumes/Seagate Portable Drive/KYLE_AI_DATABASE/A_CAMERA/Focal_species/Gulo gulo/Powder Paws/PA/2023/COLOR/Robust marks/03.08-12.38
RCNX1558.JPG,/Volumes/Seagate Portable Drive/KYLE_AI_DATABASE/A_CAMERA/Focal_species/Gulo gulo/Powder Paws/PA/2023/COLOR/Robust marks/03.08-16.48
RCNX1560.JPG,/Volumes/Seagate Portable Drive/KYLE_AI_DATABASE/A_CAMERA/Focal_species/Gulo gulo/Powder Paws/PA/2023/COLOR/Robust marks/03.08-16.48
RCNX1606.JPG,/Volumes/Seagate Portable Drive/KYLE_AI_DATABASE/A_CAMERA/Focal_species/Gulo gulo/Powder Paws/PA/2023/COLOR/Robust marks/03.08-16.48
RCNX1602.JPG,/Volumes/Seagate Portable Drive/KYLE_AI_DATABASE/A_CAMERA/Focal_species/Gulo gulo/Powder Paws/PA/2023/COLOR/Robust marks/03.08-16.48
RCNX0960.JPG,/Volumes/Seagate Portable Drive/KYLE_AI_DATABASE/A_CAMERA/Focal_species/Gulo gulo/Powder Paws/PA/2023/COLOR/Robust marks/03.17-17.48
RCNX0926.JPG,/Volumes/Seagate Portable Drive/KYLE_AI_DATABASE/A_CAMERA/Focal_species/Gulo gulo/Powder Paws/PA/2023/COLOR/Robust marks/03.17-17.48
RCNX1302.JPG,/Volumes/Seagate Portable Drive/KYLE_AI_DATABASE/A_CAMERA/Focal_species/Gulo gulo/Powder Paws/PA/2023/COLOR/Robust marks/04.18-13.41
RCNX1388.JPG,/Volumes/Seagate Portable Drive/KYLE_AI_DATABASE/A_CAMERA/Focal_species/Gulo gulo/Powder Paws/PA/2023/COLOR/Robust marks/04.18-13.41
RCNX1413.JPG,/Volumes/Seagate Portable Drive/KYLE_AI_DATABASE/A_CAMERA/Focal_species/Gulo gulo/Powder Paws/PA/2023/COLOR/Robust marks/04.18-13.56
RCNX1421.JPG,/Volumes/Seagate Portable Drive/KYLE_AI_DATABASE/A_CAMERA/Focal_species/Gulo gulo/Powder Paws/PA/2023/COLOR/Robust marks/04.18-13.56
RCNX1418.JPG,/Volumes/Seagate Portable Drive/KYLE_AI_DATABASE/A_CAMERA/Focal_species/Gulo gulo/Powder Paws/PA/2023/COLOR/Robust marks/04.18-13.56
RCNX5161.JPG,/Volumes/Seagate Portable Drive/KYLE_AI_DATABASE/A_CAMERA/Focal_species/Gulo gulo/Powder Paws/PA/2023/COLOR/Robust marks/04.28-10.56
RCNX2339.JPG,/Volumes/Seagate Portable Drive/KYLE_AI_DATABASE/A_CAMERA/Focal_species/Gulo gulo/Tex/CC/2023/B&W/Robust marks/01.13-21.01
RCNX2299.JPG,/Volumes/Seagate Portable Drive/KYLE_AI_DATABASE/A_CAMERA/Focal_species/Gulo gulo/Tex/CC/2023/B&W/Robust marks/01.13-21.01
RCNX2296.JPG,/Volumes/Seagate Portable Drive/KYLE_AI_DATABASE/A_CAMERA/Focal_species/Gulo gulo/Tex/CC/2023/B&W/Robust marks/01.13-21.01
RCNX2281.JPG,/Volumes/Seagate Portable Drive/KYLE_AI_DATABASE/A_CAMERA/Focal_species/Gulo gulo/Tex/CC/2023/B&W/Robust marks/01.13-21.01
RCNX2292.JPG,/Volumes/Seagate Portable Drive/KYLE_AI_DATABASE/A_CAMERA/Focal_species/Gulo gulo/Tex/CC/2023/B&W/Robust marks/01.13-21.01
RCNX2298.JPG,/Volumes/Seagate Portable Drive/KYLE_AI_DATABASE/A_CAMERA/Focal_species/Gulo gulo/Tex/CC/2023/B&W/Robust marks/01.13-21.01
RCNX0196.JPG,/Volumes/Seagate Portable Drive/KYLE_AI_DATABASE/A_CAMERA/Focal_species/Gulo gulo/Tex/CC/2023/B&W/Robust marks/02.09-19.44
RCNX0192.JPG,/Volumes/Seagate Portable Drive/KYLE_AI_DATABASE/A_CAMERA/Focal_species/Gulo gulo/Tex/CC/2023/B&W/Robust marks/02.09-19.44
RCNX0236.JPG,/Volumes/Seagate Portable Drive/KYLE_AI_DATABASE/A_CAMERA/Focal_species/Gulo gulo/Tex/OM/2023/B&W/Robust marks/01.15-19.24
RCNX0235.JPG,/Volumes/Seagate Portable Drive/KYLE_AI_DATABASE/A_CAMERA/Focal_species/Gulo gulo/Tex/OM/2023/B&W/Robust marks/01.15-19.24
RCNX0231.JPG,/Volumes/Seagate Portable Drive/KYLE_AI_DATABASE/A_CAMERA/Focal_species/Gulo gulo/Tex/OM/2023/B&W/Robust marks/01.15-19.24
RCNX0238.JPG,/Volumes/Seagate Portable Drive/KYLE_AI_DATABASE/A_CAMERA/Focal_species/Gulo gulo/Tex/OM/2023/B&W/Robust marks/01.15-19.24
RCNX0260.JPG,/Volumes/Seagate Portable Drive/KYLE_AI_DATABASE/A_CAMERA/Focal_species/Gulo gulo/Tex/OM/2023/B&W/Robust marks/01.15-19.24
RCNX0297.JPG,/Volumes/Seagate Portable Drive/KYLE_AI_DATABASE/A_CAMERA/Focal_species/Gulo gulo/Tex/OM/2023/B&W/Robust marks/01.15-20.55
RCNX0298.JPG,/Volumes/Seagate Portable Drive/KYLE_AI_DATABASE/A_CAMERA/Focal_species/Gulo gulo/Tex/OM/2023/B&W/Robust marks/01.15-20.55
RCNX0293.JPG,/Volumes/Seagate Portable Drive/KYLE_AI_DATABASE/A_CAMERA/Focal_species/Gulo gulo/Tex/OM/2023/B&W/Robust marks/01.15-20.55
RCNX0299.JPG,/Volumes/Seagate Portable Drive/KYLE_AI_DATABASE/A_CAMERA/Focal_species/Gulo gulo/Tex/OM/2023/B&W/Robust marks/01.15-20.55
RCNX0341.JPG,/Volumes/Seagate Portable Drive/KYLE_AI_DATABASE/A_CAMERA/Focal_species/Gulo gulo/Tex/OM/2023/B&W/Robust marks/01.15-20.58
RCNX0334.JPG,/Volumes/Seagate Portable Drive/KYLE_AI_DATABASE/A_CAMERA/Focal_species/Gulo gulo/Tex/OM/2023/B&W/Robust marks/01.15-20.58
RCNX0387.JPG,/Volumes/Seagate Portable Drive/KYLE_AI_DATABASE/A_CAMERA/Focal_species/Gulo gulo/Tex/OM/2023/B&W/Robust marks/01.15-20.58
RCNX0340.JPG,/Volumes/Seagate Portable Drive/KYLE_AI_DATABASE/A_CAMERA/Focal_species/Gulo gulo/Tex/OM/2023/B&W/Robust marks/01.15-20.58
RCNX0386.JPG,/Volumes/Seagate Portable Drive/KYLE_AI_DATABASE/A_CAMERA/Focal_species/Gulo gulo/Tex/OM/2023/B&W/Robust marks/01.15-20.58
RCNX0153.JPG,/Volumes/Seagate Portable Drive/KYLE_AI_DATABASE/A_CAMERA/Focal_species/Gulo gulo/Tex/OM/2023/B&W/Robust marks/02.13-20.21
RCNX0172.JPG,/Volumes/Seagate Portable Drive/KYLE_AI_DATABASE/A_CAMERA/Focal_species/Gulo gulo/Tex/OM/2023/B&W/Robust marks/02.13-20.26
RCNX0171.JPG,/Volumes/Seagate Portable Drive/KYLE_AI_DATABASE/A_CAMERA/Focal_species/Gulo gulo/Tex/OM/2023/B&W/Robust marks/02.13-20.26
RCNX0250.JPG,/Volumes/Seagate Portable Drive/KYLE_AI_DATABASE/A_CAMERA/Focal_species/Gulo gulo/Tex/OM/2023/B&W/Robust marks/02.17-20.18
RCNX0249.JPG,/Volumes/Seagate Portable Drive/KYLE_AI_DATABASE/A_CAMERA/Focal_species/Gulo gulo/Tex/OM/2023/B&W/Robust marks/02.17-20.18
RCNX1681.JPG,/Volumes/Seagate Portable Drive/KYLE_AI_DATABASE/A_CAMERA/Focal_species/Gulo gulo/Tex/CC/2023/COLOR/Robust marks/01.04-11.14
RCNX1687.JPG,/Volumes/Seagate Portable Drive/KYLE_AI_DATABASE/A_CAMERA/Focal_species/Gulo gulo/Tex/CC/2023/COLOR/Robust marks/01.04-11.14
RCNX1683.JPG,/Volumes/Seagate Portable Drive/KYLE_AI_DATABASE/A_CAMERA/Focal_species/Gulo gulo/Tex/CC/2023/COLOR/Robust marks/01.04-11.14
RCNX0211.JPG,/Volumes/Seagate Portable Drive/KYLE_AI_DATABASE/A_CAMERA/Focal_species/Gulo gulo/Tex/CC/2023/COLOR/Robust marks/01.26-14.28
RCNX0213.JPG,/Volumes/Seagate Portable Drive/KYLE_AI_DATABASE/A_CAMERA/Focal_species/Gulo gulo/Tex/CC/2023/COLOR/Robust marks/01.26-14.28
RCNX0212.JPG,/Volumes/Seagate Portable Drive/KYLE_AI_DATABASE/A_CAMERA/Focal_species/Gulo gulo/Tex/CC/2023/COLOR/Robust marks/01.26-14.28
RCNX0217.JPG,/Volumes/Seagate Portable Drive/KYLE_AI_DATABASE/A_CAMERA/Focal_species/Gulo gulo/Tex/CC/2023/COLOR/Robust marks/01.26-14.28
RCNX0215.JPG,/Volumes/Seagate Portable Drive/KYLE_AI_DATABASE/A_CAMERA/Focal_species/Gulo gulo/Tex/CC/2023/COLOR/Robust marks/01.26-14.28
RCNX0751.JPG,/Volumes/Seagate Portable Drive/KYLE_AI_DATABASE/A_CAMERA/Focal_species/Gulo gulo/Tex/CC/2023/COLOR/Robust marks/02.16-08.01
RCNX0743.JPG,/Volumes/Seagate Portable Drive/KYLE_AI_DATABASE/A_CAMERA/Focal_species/Gulo gulo/Tex/CC/2023/COLOR/Robust marks/02.16-08.01
RCNX0744.JPG,/Volumes/Seagate Portable Drive/KYLE_AI_DATABASE/A_CAMERA/Focal_species/Gulo gulo/Tex/CC/2023/COLOR/Robust marks/02.16-08.01
RCNX0142.JPG,/Volumes/Seagate Portable Drive/KYLE_AI_DATABASE/A_CAMERA/Focal_species/Gulo gulo/Tex/OM/2023/COLOR/Robust marks/01.15-14.16
RCNX0184.JPG,/Volumes/Seagate Portable Drive/KYLE_AI_DATABASE/A_CAMERA/Focal_species/Gulo gulo/Tex/OM/2023/COLOR/Robust marks/01.15-14.16
RCNX0085.JPG,/Volumes/Seagate Portable Drive/KYLE_AI_DATABASE/A_CAMERA/Focal_species/Gulo gulo/Tex/OM/2023/COLOR/Robust marks/01.15-14.16
RCNX0181.JPG,/Volumes/Seagate Portable Drive/KYLE_AI_DATABASE/A_CAMERA/Focal_species/Gulo gulo/Tex/OM/2023/COLOR/Robust marks/01.15-14.16
RCNX0208.JPG,/Volumes/Seagate Portable Drive/KYLE_AI_DATABASE/A_CAMERA/Focal_species/Gulo gulo/Tex/OM/2023/COLOR/Robust marks/01.15-14.24
RCNX0211.JPG,/Volumes/Seagate Portable Drive/KYLE_AI_DATABASE/A_CAMERA/Focal_species/Gulo gulo/Tex/OM/2023/COLOR/Robust marks/01.15-14.24
RCNX0209.JPG,/Volumes/Seagate Portable Drive/KYLE_AI_DATABASE/A_CAMERA/Focal_species/Gulo gulo/Tex/OM/2023/COLOR/Robust marks/01.15-14.24
RCNX0218.JPG,/Volumes/Seagate Portable Drive/KYLE_AI_DATABASE/A_CAMERA/Focal_species/Gulo gulo/Tex/OM/2023/COLOR/Robust marks/01.15-14.24
RCNX0212.JPG,/Volumes/Seagate Portable Drive/KYLE_AI_DATABASE/A_CAMERA/Focal_species/Gulo gulo/Tex/OM/2023/COLOR/Robust marks/01.15-14.24
RCNX0204.JPG,/Volumes/Seagate Portable Drive/KYLE_AI_DATABASE/A_CAMERA/Focal_species/Gulo gulo/Tex/OM/2023/COLOR/Robust marks/01.15-14.24
RCNX0210.JPG,/Volumes/Seagate Portable Drive/KYLE_AI_DATABASE/A_CAMERA/Focal_species/Gulo gulo/Tex/OM/2023/COLOR/Robust marks/01.15-14.24
RCNX0284.JPG,/Volumes/Seagate Portable Drive/KYLE_AI_DATABASE/A_CAMERA/Focal_species/Gulo gulo/Turk/FG/2022/B&W/Robust marks/03.22-06.03
RCNX0271.JPG,/Volumes/Seagate Portable Drive/KYLE_AI_DATABASE/A_CAMERA/Focal_species/Gulo gulo/Turk/FG/2022/B&W/Robust marks/03.22-06.03
RCNX0469.JPG,/Volumes/Seagate Portable Drive/KYLE_AI_DATABASE/A_CAMERA/Focal_species/Gulo gulo/Turk/FG/2022/B&W/Robust marks/03.22-06.03
RCNX1451.JPG,/Volumes/Seagate Portable Drive/KYLE_AI_DATABASE/A_CAMERA/Focal_species/Gulo gulo/Turk/JC/2022/B&W/Robust marks/03.14-18.51
RCNX1860.JPG,/Volumes/Seagate Portable Drive/KYLE_AI_DATABASE/A_CAMERA/Focal_species/Gulo gulo/Turk/DM/2022/B&W/Robust marks/03.12-19.37
RCNX1476.JPG,/Volumes/Seagate Portable Drive/KYLE_AI_DATABASE/A_CAMERA/Focal_species/Gulo gulo/Turk/FG/2022/B&W/Robust marks/01.30-00.54
RCNX1462.JPG,/Volumes/Seagate Portable Drive/KYLE_AI_DATABASE/A_CAMERA/Focal_species/Gulo gulo/Turk/FG/2022/B&W/Robust marks/01.30-00.54
RCNX1375.JPG,/Volumes/Seagate Portable Drive/KYLE_AI_DATABASE/A_CAMERA/Focal_species/Gulo gulo/Turk/FG/2022/B&W/Robust marks/01.30-00.54
RCNX1388.JPG,/Volumes/Seagate Portable Drive/KYLE_AI_DATABASE/A_CAMERA/Focal_species/Gulo gulo/Turk/FG/2022/B&W/Robust marks/01.30-00.54
RCNX1252.JPG,/Volumes/Seagate Portable Drive/KYLE_AI_DATABASE/A_CAMERA/Focal_species/Gulo gulo/Turk/FG/2022/B&W/Robust marks/01.30-00.54
RCNX1458.JPG,/Volumes/Seagate Portable Drive/KYLE_AI_DATABASE/A_CAMERA/Focal_species/Gulo gulo/Turk/FG/2022/B&W/Robust marks/01.30-00.54
RCNX1575.JPG,/Volumes/Seagate Portable Drive/KYLE_AI_DATABASE/A_CAMERA/Focal_species/Gulo gulo/Turk/JC/2022/B&W/Robust marks/02.06-06.51
RCNX1663.JPG,/Volumes/Seagate Portable Drive/KYLE_AI_DATABASE/A_CAMERA/Focal_species/Gulo gulo/Turk/JC/2022/B&W/Robust marks/02.06-06.51
RCNX2632.JPG,/Volumes/Seagate Portable Drive/KYLE_AI_DATABASE/A_CAMERA/Focal_species/Gulo gulo/Turk/JC/2022/B&W/Robust marks/02.12-20.56
RCNX2630.JPG,/Volumes/Seagate Portable Drive/KYLE_AI_DATABASE/A_CAMERA/Focal_species/Gulo gulo/Turk/JC/2022/B&W/Robust marks/02.12-20.56
RCNX2629.JPG,/Volumes/Seagate Portable Drive/KYLE_AI_DATABASE/A_CAMERA/Focal_species/Gulo gulo/Turk/JC/2022/B&W/Robust marks/02.12-20.56
RCNX2631.JPG,/Volumes/Seagate Portable Drive/KYLE_AI_DATABASE/A_CAMERA/Focal_species/Gulo gulo/Turk/JC/2022/B&W/Robust marks/02.12-20.56
RCNX2633.JPG,/Volumes/Seagate Portable Drive/KYLE_AI_DATABASE/A_CAMERA/Focal_species/Gulo gulo/Turk/JC/2022/B&W/Robust marks/02.12-20.56
RCNX1566.JPG,/Volumes/Seagate Portable Drive/KYLE_AI_DATABASE/A_CAMERA/Focal_species/Gulo gulo/Turk/JC/2022/B&W/Robust marks/02.28-20.33
RCNX1496.JPG,/Volumes/Seagate Portable Drive/KYLE_AI_DATABASE/A_CAMERA/Focal_species/Gulo gulo/Turk/JC/2022/B&W/Robust marks/02.28-20.33
RCNX2551.JPG,/Volumes/Seagate Portable Drive/KYLE_AI_DATABASE/A_CAMERA/Focal_species/Gulo gulo/Turk/FG/2022/B&W/Robust marks/01.30-22.42
RCNX2554.JPG,/Volumes/Seagate Portable Drive/KYLE_AI_DATABASE/A_CAMERA/Focal_species/Gulo gulo/Turk/FG/2022/B&W/Robust marks/01.30-22.42
RCNX0247.JPG,/Volumes/Seagate Portable Drive/KYLE_AI_DATABASE/A_CAMERA/Focal_species/Gulo gulo/Turk/DM/2022/B&W/Robust marks/03.03-23.53
RCNX0237.JPG,/Volumes/Seagate Portable Drive/KYLE_AI_DATABASE/A_CAMERA/Focal_species/Gulo gulo/Turk/DM/2022/B&W/Robust marks/03.03-23.53
RCNX0230.JPG,/Volumes/Seagate Portable Drive/KYLE_AI_DATABASE/A_CAMERA/Focal_species/Gulo gulo/Turk/DM/2022/B&W/Robust marks/03.03-23.53
RCNX0198.JPG,/Volumes/Seagate Portable Drive/KYLE_AI_DATABASE/A_CAMERA/Focal_species/Gulo gulo/Turk/DM/2022/B&W/Robust marks/03.03-23.53
RCNX1730.JPG,/Volumes/Seagate Portable Drive/KYLE_AI_DATABASE/A_CAMERA/Focal_species/Gulo gulo/Turk/FG/2022/B&W/Robust marks/03.26-02.18
RCNX1748.JPG,/Volumes/Seagate Portable Drive/KYLE_AI_DATABASE/A_CAMERA/Focal_species/Gulo gulo/Turk/FG/2022/B&W/Robust marks/03.26-02.18
RCNX8855.JPG,/Volumes/Seagate Portable Drive/KYLE_AI_DATABASE/A_CAMERA/Focal_species/Gulo gulo/Turk/BM/2022/COLOR/Robust marks/05.02-10.00
RCNX8857.JPG,/Volumes/Seagate Portable Drive/KYLE_AI_DATABASE/A_CAMERA/Focal_species/Gulo gulo/Turk/BM/2022/COLOR/Robust marks/05.02-10.00
RCNX6303.JPG,/Volumes/Seagate Portable Drive/KYLE_AI_DATABASE/A_CAMERA/Focal_species/Gulo gulo/Turk/BM/2022/COLOR/Robust marks/04.03-16.45
RCNX4042.JPG,/Volumes/Seagate Portable Drive/KYLE_AI_DATABASE/A_CAMERA/Focal_species/Gulo gulo/Turk/OM/2022/COLOR/Robust marks/03.10-09.40
RCNX4043.JPG,/Volumes/Seagate Portable Drive/KYLE_AI_DATABASE/A_CAMERA/Focal_species/Gulo gulo/Turk/OM/2022/COLOR/Robust marks/03.10-09.40
RCNX4128.JPG,/Volumes/Seagate Portable Drive/KYLE_AI_DATABASE/A_CAMERA/Focal_species/Gulo gulo/Turk/DM/2022/COLOR/Robust marks/03.21-12.41
RCNX4129.JPG,/Volumes/Seagate Portable Drive/KYLE_AI_DATABASE/A_CAMERA/Focal_species/Gulo gulo/Turk/DM/2022/COLOR/Robust marks/03.21-12.41
RCNX4474.JPG,/Volumes/Seagate Portable Drive/KYLE_AI_DATABASE/A_CAMERA/Focal_species/Gulo gulo/Turk/BM/2022/COLOR/Robust marks/04.02-17.24
RCNX4473.JPG,/Volumes/Seagate Portable Drive/KYLE_AI_DATABASE/A_CAMERA/Focal_species/Gulo gulo/Turk/BM/2022/COLOR/Robust marks/04.02-17.24
RCNX0382.JPG,/Volumes/Seagate Portable Drive/KYLE_AI_DATABASE/A_CAMERA/Focal_species/Gulo gulo/Turk/JC/2022/COLOR/Robust marks/01.29-10.46
RCNX0386.JPG,/Volumes/Seagate Portable Drive/KYLE_AI_DATABASE/A_CAMERA/Focal_species/Gulo gulo/Turk/JC/2022/COLOR/Robust marks/01.29-10.46
RCNX0400.JPG,/Volumes/Seagate Portable Drive/KYLE_AI_DATABASE/A_CAMERA/Focal_species/Gulo gulo/Turk/JC/2022/COLOR/Robust marks/01.29-10.46
RCNX5984.JPG,/Volumes/Seagate Portable Drive/KYLE_AI_DATABASE/A_CAMERA/Focal_species/Gulo gulo/Turk/OM/2022/COLOR/Robust marks/03.19-19.12
RCNX5990.JPG,/Volumes/Seagate Portable Drive/KYLE_AI_DATABASE/A_CAMERA/Focal_species/Gulo gulo/Turk/OM/2022/COLOR/Robust marks/03.19-19.12
RCNX1734.JPG,/Volumes/Seagate Portable Drive/KYLE_AI_DATABASE/A_CAMERA/Focal_species/Gulo gulo/Turk/PP/2022/COLOR/Robust marks/04.01-16.32
RCNX1732.JPG,/Volumes/Seagate Portable Drive/KYLE_AI_DATABASE/A_CAMERA/Focal_species/Gulo gulo/Turk/PP/2022/COLOR/Robust marks/04.01-16.32
RCNX1419.JPG,/Volumes/Seagate Portable Drive/KYLE_AI_DATABASE/A_CAMERA/Focal_species/Gulo gulo/Turk/SC/2022/COLOR/Robust marks/03.30-10.03
RCNX2153.JPG,/Volumes/Seagate Portable Drive/KYLE_AI_DATABASE/A_CAMERA/Focal_species/Gulo gulo/Turk/FG/2022/COLOR/Robust marks/03.26-13.02
RCNX1981.JPG,/Volumes/Seagate Portable Drive/KYLE_AI_DATABASE/A_CAMERA/Focal_species/Gulo gulo/Turk/FG/2022/COLOR/Robust marks/03.26-13.02
RCNX4222.JPG,/Volumes/Seagate Portable Drive/KYLE_AI_DATABASE/A_CAMERA/Focal_species/Gulo gulo/Turk/PP/2023/B&W/Robust marks/03.19-20.05
RCNX4212.JPG,/Volumes/Seagate Portable Drive/KYLE_AI_DATABASE/A_CAMERA/Focal_species/Gulo gulo/Turk/PP/2023/B&W/Robust marks/03.19-20.05
RCNX1541.JPG,/Volumes/Seagate Portable Drive/KYLE_AI_DATABASE/A_CAMERA/Focal_species/Gulo gulo/Turk/CC/2023/B&W/Robust marks/04.12-22.26
RCNX1542.JPG,/Volumes/Seagate Portable Drive/KYLE_AI_DATABASE/A_CAMERA/Focal_species/Gulo gulo/Turk/CC/2023/B&W/Robust marks/04.12-22.26
RCNX1031.JPG,/Volumes/Seagate Portable Drive/KYLE_AI_DATABASE/A_CAMERA/Focal_species/Gulo gulo/Turk/DM/2023/B&W/Robust marks/01.27-07.29
RCNX1417.JPG,/Volumes/Seagate Portable Drive/KYLE_AI_DATABASE/A_CAMERA/Focal_species/Gulo gulo/Turk/CC/2023/Color/Robust marks/04.02-09.10
RCNX0091.JPG,/Volumes/Seagate Portable Drive/KYLE_AI_DATABASE/A_CAMERA/Focal_species/Gulo gulo/Turk/DM/2023/B&W/Robust marks/02.27-05.34
RCNX0036.JPG,/Volumes/Seagate Portable Drive/KYLE_AI_DATABASE/A_CAMERA/Focal_species/Gulo gulo/Turk/DM/2023/B&W/Robust marks/02.27-01.07
RCNX0035.JPG,/Volumes/Seagate Portable Drive/KYLE_AI_DATABASE/A_CAMERA/Focal_species/Gulo gulo/Turk/DM/2023/B&W/Robust marks/02.27-01.07
RCNX0118.JPG,/Volumes/Seagate Portable Drive/KYLE_AI_DATABASE/A_CAMERA/Focal_species/Gulo gulo/Turk/PP/2023/B&W/Robust marks/02.07-01.17
RCNX0114.JPG,/Volumes/Seagate Portable Drive/KYLE_AI_DATABASE/A_CAMERA/Focal_species/Gulo gulo/Turk/PP/2023/B&W/Robust marks/02.07-01.17
RCNX0701.JPG,/Volumes/Seagate Portable Drive/KYLE_AI_DATABASE/A_CAMERA/Focal_species/Gulo gulo/Turk/DM/2023/B&W/Robust marks/01.26-18.47
RCNX1445.JPG,/Volumes/Seagate Portable Drive/KYLE_AI_DATABASE/A_CAMERA/Focal_species/Gulo gulo/Turk/PP/2023/B&W/Robust marks/01.23-21.24
RCNX1444.JPG,/Volumes/Seagate Portable Drive/KYLE_AI_DATABASE/A_CAMERA/Focal_species/Gulo gulo/Turk/PP/2023/B&W/Robust marks/01.23-21.24
RCNX0052.JPG,/Volumes/Seagate Portable Drive/KYLE_AI_DATABASE/A_CAMERA/Focal_species/Gulo gulo/Turk/DM/2023/B&W/Robust marks/02.27-05.31
RCNX1865.JPG,/Volumes/Seagate Portable Drive/KYLE_AI_DATABASE/A_CAMERA/Focal_species/Gulo gulo/Turk/PP/2023/COLOR/Robust marks/02.11-17.49
RCNX1864.JPG,/Volumes/Seagate Portable Drive/KYLE_AI_DATABASE/A_CAMERA/Focal_species/Gulo gulo/Turk/PP/2023/COLOR/Robust marks/02.11-17.49
RCNX1862.JPG,/Volumes/Seagate Portable Drive/KYLE_AI_DATABASE/A_CAMERA/Focal_species/Gulo gulo/Turk/PP/2023/COLOR/Robust marks/02.11-17.49
RCNX1863.JPG,/Volumes/Seagate Portable Drive/KYLE_AI_DATABASE/A_CAMERA/Focal_species/Gulo gulo/Turk/PP/2023/COLOR/Robust marks/02.11-17.49
RCNX0701.JPG,/Volumes/Seagate Portable Drive/KYLE_AI_DATABASE/A_CAMERA/Focal_species/Gulo gulo/Turk/DM/2023/COLOR/Robust marks/04.01-22.50
RCNX4391.JPG,/Volumes/Seagate Portable Drive/KYLE_AI_DATABASE/A_CAMERA/Focal_species/Gulo gulo/Turk/PP/2023/COLOR/Robust marks/03.13-07.31
RCNX0312.JPG,/Volumes/Seagate Portable Drive/KYLE_AI_DATABASE/A_CAMERA/Focal_species/Gulo gulo/Turk/PP/2023/COLOR/Robust marks/02.07-14.07
RCNX0381.JPG,/Volumes/Seagate Portable Drive/KYLE_AI_DATABASE/A_CAMERA/Focal_species/Gulo gulo/Turk/DM/2023/COLOR/Robust marks/01.26-12.20
RCNX0802.JPG,/Volumes/Seagate Portable Drive/KYLE_AI_DATABASE/A_CAMERA/Focal_species/Gulo gulo/Turk/OM/2023/COLOR/Robust marks/04.01-18.49
RCNX0801.JPG,/Volumes/Seagate Portable Drive/KYLE_AI_DATABASE/A_CAMERA/Focal_species/Gulo gulo/Turk/OM/2023/COLOR/Robust marks/04.01-18.49
RCNX0431.JPG,/Volumes/Seagate Portable Drive/KYLE_AI_DATABASE/A_CAMERA/Focal_species/Gulo gulo/Turk/DM/2023/COLOR/Robust marks/01.26-12.22
RCNX0290.JPG,/Volumes/Seagate Portable Drive/KYLE_AI_DATABASE/A_CAMERA/Focal_species/Gulo gulo/Turk/DM/2023/COLOR/Robust marks/03.14-10.56
RCNX0285.JPG,/Volumes/Seagate Portable Drive/KYLE_AI_DATABASE/A_CAMERA/Focal_species/Gulo gulo/Turk/DM/2023/COLOR/Robust marks/03.14-10.56
RCNX0283.JPG,/Volumes/Seagate Portable Drive/KYLE_AI_DATABASE/A_CAMERA/Focal_species/Gulo gulo/Turk/DM/2023/COLOR/Robust marks/03.14-10.56
RCNX0287.JPG,/Volumes/Seagate Portable Drive/KYLE_AI_DATABASE/A_CAMERA/Focal_species/Gulo gulo/Turk/DM/2023/COLOR/Robust marks/03.14-10.56
RCNX0095.JPG,/Volumes/Seagate Portable Drive/KYLE_AI_DATABASE/A_CAMERA/Focal_species/Gulo gulo/Turk/DM/2023/COLOR/Robust marks/04.10-02.16
RCNX0096.JPG,/Volumes/Seagate Portable Drive/KYLE_AI_DATABASE/A_CAMERA/Focal_species/Gulo gulo/Turk/DM/2023/COLOR/Robust marks/04.10-02.16
RCNX0411.JPG,/Volumes/Seagate Portable Drive/KYLE_AI_DATABASE/A_CAMERA/Focal_species/Gulo gulo/Turk/PP/2023/COLOR/Robust marks/02.07-14.12
